,0,1,2,3,4,5,6,7,8,9,10,11,12,13,14,15,16,17,18,19,20,21,22,23
type_age,people_vaccinated_per_hundred_0-19,people_vaccinated_per_hundred_20-29,people_vaccinated_per_hundred_30-39,people_vaccinated_per_hundred_40-49,people_vaccinated_per_hundred_50-59,people_vaccinated_per_hundred_60-69,people_vaccinated_per_hundred_70-79,people_vaccinated_per_hundred_80+,people_fully_vaccinated_per_hundred_0-19,people_fully_vaccinated_per_hundred_20-29,people_fully_vaccinated_per_hundred_30-39,people_fully_vaccinated_per_hundred_40-49,people_fully_vaccinated_per_hundred_50-59,people_fully_vaccinated_per_hundred_60-69,people_fully_vaccinated_per_hundred_70-79,people_fully_vaccinated_per_hundred_80+,people_with_booster_per_hundred_0-19,people_with_booster_per_hundred_20-29,people_with_booster_per_hundred_30-39,people_with_booster_per_hundred_40-49,people_with_booster_per_hundred_50-59,people_with_booster_per_hundred_60-69,people_with_booster_per_hundred_70-79,people_with_booster_per_hundred_80+
2/23/21,0.0,0.0,0.0,0.01,0.01,0.02,0.01,0.0,0.0,0.0,0.0,0.0,0.0,0.0,0.0,0.0,0.0,0.0,0.0,0.0,0.0,0.0,0.0,0.0
2/26/21,0.0,0.01,0.03,0.08,0.08,0.28,0.17,0.08,0.0,0.0,0.0,0.0,0.0,0.0,0.0,0.0,0.0,0.0,0.0,0.0,0.0,0.0,0.0,0.0
2/27/21,0.0,0.04,0.07,0.19,0.2,0.49,0.36,0.18,0.0,0.0,0.0,0.0,0.0,0.0,0.0,0.0,0.0,0.0,0.0,0.0,0.0,0.0,0.0,0.0
2/28/21,0.01,0.06,0.11,0.31,0.3,0.71,0.54,0.26,0.0,0.0,0.0,0.0,0.0,0.0,0.0,0.0,0.0,0.0,0.0,0.0,0.0,0.0,0.0,0.0
3/1/21,0.01,0.07,0.14,0.39,0.38,0.99,0.7,0.33,0.0,0.0,0.0,0.0,0.0,0.0,0.0,0.0,0.0,0.0,0.0,0.0,0.0,0.0,0.0,0.0
3/2/21,0.01,0.08,0.18,0.5,0.51,1.56,1.18,0.55,0.0,0.0,0.0,0.0,0.0,0.0,0.0,0.0,0.0,0.0,0.0,0.0,0.0,0.0,0.0,0.0
3/3/21,0.01,0.1,0.22,0.61,0.64,2.03,1.6,0.74,0.0,0.0,0.0,0.0,0.0,0.0,0.0,0.0,0.0,0.0,0.0,0.0,0.0,0.0,0.0,0.0
3/4/21,0.01,0.12,0.27,0.72,0.76,2.43,1.96,0.89,0.0,0.0,0.0,0.0,0.0,0.0,0.0,0.0,0.0,0.0,0.0,0.0,0.0,0.0,0.0,0.0
3/5/21,0.01,0.14,0.31,0.83,0.89,2.82,2.32,1.04,0.0,0.0,0.0,0.0,0.0,0.0,0.0,0.0,0.0,0.0,0.0,0.0,0.0,0.0,0.0,0.0
3/6/21,0.02,0.17,0.37,0.99,1.04,3.22,2.7,1.21,0.0,0.0,0.0,0.0,0.0,0.0,0.0,0.0,0.0,0.0,0.0,0.0,0.0,0.0,0.0,0.0
3/7/21,0.02,0.21,0.43,1.13,1.17,3.49,2.96,1.31,0.0,0.0,0.0,0.0,0.0,0.0,0.0,0.0,0.0,0.0,0.0,0.0,0.0,0.0,0.0,0.0
3/8/21,0.02,0.24,0.5,1.27,1.31,3.89,3.27,1.41,0.0,0.0,0.0,0.0,0.0,0.0,0.0,0.0,0.0,0.0,0.0,0.0,0.0,0.0,0.0,0.0
3/9/21,0.02,0.27,0.57,1.41,1.46,4.22,3.52,1.49,0.0,0.0,0.0,0.0,0.0,0.0,0.0,0.0,0.0,0.0,0.0,0.0,0.0,0.0,0.0,0.0
3/10/21,0.03,0.35,0.73,1.69,1.74,4.75,3.85,1.6,0.0,0.0,0.0,0.0,0.0,0.0,0.0,0.0,0.0,0.0,0.0,0.0,0.0,0.0,0.0,0.0
3/11/21,0.04,0.41,0.86,1.93,1.97,5.25,4.18,1.71,0.0,0.0,0.0,0.0,0.0,0.0,0.0,0.0,0.0,0.0,0.0,0.0,0.0,0.0,0.0,0.0
3/12/21,0.04,0.53,1.01,2.18,2.22,5.76,4.5,1.81,0.0,0.0,0.0,0.0,0.0,0.0,0.0,0.0,0.0,0.0,0.0,0.0,0.0,0.0,0.0,0.0
3/13/21,0.06,0.66,1.17,2.45,2.45,6.13,4.79,1.91,0.0,0.0,0.0,0.0,0.0,0.0,0.0,0.0,0.0,0.0,0.0,0.0,0.0,0.0,0.0,0.0
3/14/21,0.06,0.76,1.33,2.72,2.68,6.46,5.01,1.98,0.0,0.0,0.0,0.0,0.0,0.0,0.0,0.0,0.0,0.0,0.0,0.0,0.0,0.0,0.0,0.0
3/15/21,0.07,0.87,1.5,2.97,2.92,6.91,5.3,2.07,0.0,0.0,0.0,0.0,0.0,0.0,0.0,0.0,0.0,0.0,0.0,0.0,0.0,0.0,0.0,0.0
3/16/21,0.08,1.01,1.82,3.44,3.38,7.42,5.62,2.17,0.0,0.0,0.0,0.0,0.0,0.0,0.0,0.0,0.0,0.0,0.0,0.0,0.0,0.0,0.0,0.0
3/17/21,0.09,1.16,2.19,3.96,3.89,7.87,5.93,2.26,0.0,0.0,0.0,0.0,0.0,0.0,0.0,0.0,0.0,0.0,0.0,0.0,0.0,0.0,0.0,0.0
3/18/21,0.1,1.31,2.52,4.44,4.35,8.32,6.21,2.34,0.0,0.0,0.0,0.0,0.0,0.0,0.0,0.0,0.0,0.0,0.0,0.0,0.0,0.0,0.0,0.0
3/19/21,0.13,1.47,3.03,5.11,4.93,8.69,6.46,2.43,0.0,0.0,0.0,0.0,0.0,0.0,0.0,0.0,0.0,0.0,0.0,0.0,0.0,0.0,0.0,0.0
3/20/21,0.15,1.65,3.54,5.76,5.46,9.01,6.71,2.51,0.0,0.0,0.0,0.0,0.0,0.0,0.0,0.0,0.0,0.0,0.0,0.0,0.0,0.0,0.0,0.0
3/21/21,0.17,1.81,4.04,6.37,5.93,9.28,6.9,2.56,0.0,0.0,0.0,0.0,0.0,0.0,0.0,0.0,0.0,0.0,0.0,0.0,0.0,0.0,0.0,0.0
3/22/21,0.19,1.95,4.51,6.97,6.47,9.63,7.13,2.63,0.0,0.0,0.0,0.0,0.0,0.0,0.0,0.0,0.0,0.0,0.0,0.0,0.0,0.0,0.0,0.0
3/23/21,0.2,2.08,4.95,7.54,6.96,9.96,7.32,2.68,0.0,0.0,0.0,0.01,0.01,0.01,0.01,0.0,0.0,0.0,0.0,0.0,0.0,0.0,0.0,0.0
3/24/21,0.21,2.14,5.1,7.78,7.18,10.12,7.42,2.71,0.0,0.0,0.0,0.01,0.01,0.02,0.01,0.0,0.0,0.0,0.0,0.0,0.0,0.0,0.0,0.0
3/25/21,0.21,2.18,5.21,7.98,7.37,10.25,7.5,2.74,0.0,0.0,0.0,0.01,0.01,0.02,0.01,0.0,0.0,0.0,0.0,0.0,0.0,0.0,0.0,0.0
3/26/21,0.21,2.24,5.33,8.18,7.56,10.39,7.6,2.76,0.0,0.01,0.02,0.06,0.07,0.25,0.14,0.07,0.0,0.0,0.0,0.0,0.0,0.0,0.0,0.0
3/27/21,0.21,2.29,5.46,8.37,7.74,10.49,7.66,2.79,0.0,0.03,0.06,0.16,0.17,0.45,0.31,0.15,0.0,0.0,0.0,0.0,0.0,0.0,0.0,0.0
3/28/21,0.21,2.35,5.57,8.55,7.89,10.56,7.7,2.8,0.01,0.05,0.1,0.27,0.27,0.66,0.48,0.22,0.0,0.0,0.0,0.0,0.0,0.0,0.0,0.0
3/29/21,0.22,2.39,5.68,8.72,8.07,10.63,7.75,2.81,0.01,0.06,0.12,0.35,0.35,0.92,0.62,0.28,0.0,0.0,0.0,0.0,0.0,0.0,0.0,0.0
3/30/21,0.22,2.42,5.77,8.85,8.2,10.69,7.79,2.82,0.01,0.07,0.15,0.44,0.45,1.35,0.96,0.43,0.0,0.0,0.0,0.0,0.0,0.0,0.0,0.0
3/31/21,0.22,2.45,5.85,8.99,8.34,10.75,7.82,2.83,0.01,0.09,0.19,0.53,0.56,1.73,1.31,0.58,0.0,0.0,0.0,0.0,0.0,0.0,0.0,0.0
4/1/21,0.22,2.49,5.93,9.12,8.48,10.8,7.86,2.84,0.01,0.1,0.23,0.63,0.68,2.14,1.66,0.72,0.0,0.0,0.0,0.0,0.0,0.0,0.0,0.0
4/2/21,0.22,2.53,6.03,9.25,8.62,10.85,7.88,2.85,0.01,0.11,0.26,0.7,0.75,2.36,1.86,0.8,0.0,0.0,0.0,0.0,0.0,0.0,0.0,0.0
4/3/21,0.22,2.56,6.1,9.35,8.71,10.88,7.89,2.85,0.01,0.14,0.3,0.82,0.86,2.67,2.16,0.92,0.0,0.0,0.0,0.0,0.0,0.0,0.0,0.0
4/4/21,0.22,2.6,6.17,9.45,8.8,10.9,7.91,2.85,0.02,0.2,0.35,0.94,0.97,2.92,2.41,1.01,0.0,0.0,0.0,0.0,0.0,0.0,0.0,0.0
4/5/21,0.23,2.65,6.36,9.68,8.97,10.96,7.94,2.86,0.03,0.28,0.46,1.12,1.14,3.36,2.74,1.11,0.0,0.0,0.0,0.0,0.0,0.0,0.0,0.0
4/6/21,0.25,2.76,6.76,10.14,9.28,11.05,7.99,2.88,0.05,0.41,0.73,1.49,1.46,4.07,3.2,1.27,0.0,0.0,0.0,0.0,0.0,0.0,0.0,0.0
4/7/21,0.26,2.85,7.06,10.49,9.56,11.16,8.06,2.9,0.06,0.56,1.03,1.97,1.94,4.98,3.84,1.49,0.0,0.0,0.0,0.0,0.0,0.0,0.0,0.0
4/8/21,0.28,2.95,7.35,10.86,9.83,11.27,8.13,2.92,0.07,0.72,1.31,2.4,2.35,5.79,4.41,1.68,0.0,0.0,0.0,0.0,0.0,0.0,0.0,0.0
4/9/21,0.29,3.06,7.67,11.24,10.13,11.4,8.2,2.94,0.1,0.89,1.73,2.99,2.88,6.5,4.91,1.85,0.0,0.0,0.0,0.0,0.0,0.0,0.0,0.0
4/10/21,0.3,3.17,8.07,11.7,10.46,11.51,8.27,2.96,0.13,1.08,2.18,3.62,3.4,7.1,5.39,2.03,0.0,0.0,0.0,0.0,0.0,0.0,0.0,0.0
4/11/21,0.32,3.32,8.52,12.22,10.82,11.66,8.37,2.99,0.15,1.25,2.63,4.21,3.85,7.46,5.64,2.1,0.0,0.0,0.0,0.0,0.0,0.0,0.0,0.0
4/12/21,0.33,3.44,8.92,12.72,11.2,11.84,8.48,3.02,0.16,1.4,3.05,4.75,4.32,7.92,5.94,2.19,0.0,0.0,0.0,0.0,0.0,0.0,0.0,0.0
4/13/21,0.34,3.56,9.31,13.19,11.56,12.02,8.6,3.05,0.18,1.52,3.44,5.27,4.78,8.32,6.19,2.26,0.0,0.0,0.0,0.0,0.0,0.0,0.0,0.0
4/14/21,0.36,3.7,9.7,13.63,11.88,12.18,8.71,3.08,0.18,1.59,3.69,5.62,5.13,8.55,6.35,2.3,0.0,0.0,0.0,0.0,0.0,0.0,0.0,0.0
4/15/21,0.37,3.84,10.07,14.06,12.19,12.35,8.82,3.12,0.18,1.66,3.88,5.92,5.44,8.78,6.5,2.35,0.0,0.0,0.0,0.0,0.0,0.0,0.0,0.0
4/16/21,0.38,4.02,10.58,14.66,12.63,12.59,8.96,3.15,0.18,1.73,4.08,6.24,5.76,9.01,6.64,2.4,0.0,0.0,0.0,0.0,0.0,0.0,0.0,0.0
4/17/21,0.4,4.22,11.2,15.35,13.09,12.82,9.09,3.2,0.19,1.83,4.33,6.58,6.07,9.19,6.78,2.44,0.0,0.0,0.0,0.0,0.0,0.0,0.0,0.0
4/18/21,0.42,4.42,11.77,15.95,13.51,13.0,9.18,3.22,0.19,1.91,4.53,6.88,6.31,9.33,6.86,2.46,0.0,0.0,0.0,0.0,0.0,0.0,0.0,0.0
4/19/21,0.43,4.6,12.25,16.51,13.93,13.21,9.31,3.26,0.19,1.95,4.68,7.12,6.57,9.52,6.99,2.5,0.0,0.0,0.0,0.0,0.0,0.0,0.0,0.0
4/20/21,0.44,4.73,12.62,16.95,14.27,13.4,9.42,3.29,0.19,2.0,4.8,7.32,6.78,9.69,7.08,2.53,0.0,0.0,0.0,0.0,0.0,0.0,0.0,0.0
4/21/21,0.45,4.85,12.97,17.34,14.57,13.55,9.51,3.31,0.19,2.04,4.91,7.51,6.96,9.84,7.18,2.56,0.0,0.0,0.0,0.0,0.0,0.0,0.0,0.0
4/22/21,0.46,4.96,13.3,17.74,14.87,13.72,9.62,3.34,0.2,2.09,5.02,7.71,7.15,9.98,7.28,2.59,0.0,0.0,0.0,0.0,0.0,0.0,0.0,0.0
4/23/21,0.48,5.12,13.69,18.2,15.2,13.89,9.72,3.37,0.2,2.14,5.14,7.91,7.35,10.13,7.37,2.62,0.0,0.0,0.0,0.0,0.0,0.0,0.0,0.0
4/24/21,0.5,5.38,14.19,18.76,15.58,14.06,9.81,3.4,0.2,2.2,5.28,8.12,7.55,10.24,7.45,2.64,0.0,0.0,0.0,0.0,0.0,0.0,0.0,0.0
4/25/21,0.51,5.6,14.55,19.12,15.83,14.16,9.86,3.41,0.2,2.27,5.41,8.33,7.73,10.32,7.49,2.66,0.0,0.0,0.0,0.0,0.0,0.0,0.0,0.0
4/26/21,0.56,6.22,14.82,19.43,16.08,14.29,9.94,3.44,0.21,2.32,5.59,8.58,7.96,10.43,7.57,2.67,0.0,0.0,0.0,0.0,0.0,0.0,0.0,0.0
4/27/21,0.59,6.57,15.03,19.68,16.29,14.4,10.01,3.45,0.22,2.4,5.85,8.91,8.23,10.53,7.63,2.69,0.0,0.0,0.0,0.0,0.0,0.0,0.0,0.0
4/28/21,0.61,6.86,15.23,19.94,16.49,14.5,10.07,3.47,0.23,2.48,6.12,9.25,8.53,10.66,7.71,2.71,0.0,0.0,0.0,0.0,0.0,0.0,0.0,0.0
4/29/21,0.64,7.18,15.45,20.21,16.71,14.62,10.12,3.48,0.24,2.58,6.38,9.59,8.81,10.78,7.78,2.73,0.0,0.0,0.0,0.0,0.0,0.0,0.0,0.0
4/30/21,0.68,7.58,15.83,20.66,17.05,14.78,10.19,3.5,0.25,2.7,6.75,10.05,9.18,10.93,7.86,2.76,0.0,0.0,0.0,0.0,0.0,0.0,0.0,0.0
5/1/21,0.73,8.11,16.24,21.1,17.36,14.9,10.24,3.52,0.26,2.82,7.26,10.65,9.61,11.05,7.93,2.78,0.0,0.0,0.0,0.0,0.0,0.0,0.0,0.0
5/2/21,0.77,8.53,16.59,21.45,17.59,14.98,10.27,3.53,0.28,2.99,7.76,11.25,10.06,11.21,8.03,2.81,0.0,0.0,0.0,0.0,0.0,0.0,0.0,0.0
5/3/21,0.8,8.93,17.02,21.91,17.92,15.14,10.35,3.55,0.29,3.11,8.17,11.73,10.41,11.38,8.14,2.83,0.0,0.0,0.0,0.0,0.0,0.0,0.0,0.0
5/4/21,0.82,9.25,17.42,22.35,18.22,15.27,10.42,3.57,0.3,3.22,8.5,12.14,10.72,11.53,8.24,2.86,0.0,0.0,0.0,0.0,0.0,0.0,0.0,0.0
5/5/21,0.84,9.51,17.76,22.73,18.49,15.41,10.49,3.59,0.31,3.33,8.85,12.54,11.01,11.68,8.33,2.89,0.0,0.0,0.0,0.0,0.0,0.0,0.0,0.0
5/6/21,0.86,9.79,18.11,23.11,18.75,15.54,10.55,3.61,0.32,3.45,9.18,12.92,11.29,11.82,8.43,2.92,0.0,0.0,0.0,0.0,0.0,0.0,0.0,0.0
5/7/21,0.89,10.08,18.49,23.53,19.04,15.67,10.61,3.62,0.34,3.61,9.65,13.48,11.7,12.03,8.56,2.96,0.0,0.0,0.0,0.0,0.0,0.0,0.0,0.0
5/8/21,0.93,10.44,18.9,23.94,19.31,15.77,10.66,3.64,0.35,3.8,10.25,14.15,12.17,12.25,8.69,3.0,0.0,0.0,0.0,0.0,0.0,0.0,0.0,0.0
5/9/21,0.96,10.76,19.34,24.33,19.52,15.84,10.69,3.64,0.37,3.99,10.8,14.72,12.56,12.41,8.78,3.02,0.0,0.0,0.0,0.0,0.0,0.0,0.0,0.0
5/10/21,0.98,11.05,19.67,24.7,19.78,15.98,10.76,3.66,0.38,4.15,11.24,15.22,12.92,12.59,8.89,3.05,0.0,0.0,0.0,0.0,0.0,0.0,0.0,0.0
5/11/21,1.01,11.27,19.95,25.01,20.01,16.1,10.82,3.68,0.39,4.27,11.58,15.61,13.22,12.74,8.99,3.08,0.0,0.0,0.0,0.0,0.0,0.0,0.0,0.0
5/12/21,1.04,11.48,20.2,25.28,20.21,16.2,10.87,3.69,0.4,4.38,11.9,15.98,13.49,12.9,9.07,3.1,0.0,0.0,0.0,0.0,0.0,0.0,0.0,0.0
5/13/21,1.06,11.7,20.44,25.53,20.39,16.3,10.92,3.71,0.41,4.49,12.21,16.35,13.77,13.05,9.17,3.13,0.0,0.0,0.0,0.0,0.0,0.0,0.0,0.0
5/14/21,1.1,12.0,20.74,25.88,20.64,16.41,10.97,3.72,0.42,4.62,12.58,16.83,14.11,13.23,9.27,3.16,0.0,0.0,0.0,0.0,0.0,0.0,0.0,0.0
5/15/21,1.15,12.33,21.11,26.25,20.89,16.5,11.02,3.73,0.44,4.79,13.1,17.43,14.52,13.41,9.37,3.18,0.0,0.0,0.0,0.0,0.0,0.0,0.0,0.0
5/16/21,1.19,12.64,21.45,26.57,21.09,16.57,11.05,3.74,0.45,4.94,13.48,17.83,14.79,13.52,9.42,3.2,0.0,0.0,0.0,0.0,0.0,0.0,0.0,0.0
5/17/21,1.23,12.89,21.7,26.85,21.3,16.68,11.11,3.76,0.48,5.37,13.77,18.16,15.07,13.68,9.52,3.23,0.0,0.0,0.0,0.0,0.0,0.0,0.0,0.0
5/18/21,1.27,13.13,21.96,27.15,21.53,16.79,11.17,3.78,0.5,5.6,14.0,18.44,15.31,13.82,9.6,3.25,0.0,0.0,0.0,0.0,0.0,0.0,0.0,0.0
5/19/21,1.3,13.33,22.14,27.34,21.66,16.85,11.2,3.79,0.52,5.76,14.13,18.61,15.43,13.89,9.64,3.26,0.0,0.0,0.0,0.0,0.0,0.0,0.0,0.0
5/20/21,1.34,13.54,22.34,27.57,21.85,16.95,11.26,3.8,0.54,6.01,14.37,18.9,15.67,14.03,9.71,3.28,0.0,0.0,0.0,0.0,0.0,0.0,0.0,0.0
5/21/21,1.38,13.79,22.62,27.89,22.1,17.07,11.32,3.82,0.57,6.32,14.7,19.29,15.97,14.18,9.79,3.3,0.0,0.0,0.0,0.0,0.0,0.0,0.0,0.0
5/22/21,1.44,14.1,22.96,28.25,22.36,17.18,11.36,3.83,0.63,6.85,15.11,19.75,16.3,14.31,9.86,3.32,0.0,0.0,0.0,0.0,0.0,0.0,0.0,0.0
5/23/21,1.47,14.36,23.21,28.52,22.56,17.25,11.39,3.84,0.67,7.31,15.49,20.13,16.54,14.4,9.9,3.34,0.0,0.0,0.0,0.0,0.0,0.0,0.0,0.0
5/24/21,1.51,14.6,23.45,28.79,22.79,17.38,11.47,3.85,0.69,7.68,15.82,20.47,16.79,14.53,9.97,3.35,0.0,0.0,0.0,0.0,0.0,0.0,0.0,0.0
5/25/21,1.54,14.78,23.64,29.02,23.0,17.51,11.54,3.87,0.71,7.96,16.12,20.8,17.02,14.64,10.03,3.37,0.0,0.0,0.0,0.0,0.0,0.0,0.0,0.0
5/26/21,1.57,14.99,23.83,29.25,23.21,17.63,11.61,3.89,0.73,8.19,16.39,21.1,17.25,14.76,10.09,3.38,0.0,0.0,0.0,0.0,0.0,0.0,0.0,0.0
5/27/21,1.6,15.22,24.06,29.52,23.46,17.77,11.69,3.91,0.75,8.44,16.67,21.41,17.48,14.87,10.14,3.4,0.0,0.0,0.0,0.0,0.0,0.0,0.0,0.0
5/28/21,1.65,15.49,24.37,29.9,23.8,17.94,11.78,3.94,0.78,8.77,17.06,21.87,17.81,15.02,10.22,3.42,0.0,0.0,0.0,0.0,0.0,0.0,0.0,0.0
5/29/21,1.71,15.91,24.81,30.41,24.21,18.13,11.87,3.96,0.82,9.21,17.54,22.34,18.12,15.13,10.26,3.43,0.0,0.0,0.0,0.0,0.0,0.0,0.0,0.0
5/30/21,1.77,16.28,25.15,30.79,24.5,18.26,11.92,3.98,0.85,9.6,18.02,22.78,18.37,15.22,10.3,3.44,0.0,0.0,0.0,0.0,0.0,0.0,0.0,0.0
5/31/21,1.82,16.61,25.51,31.23,24.88,18.48,12.05,4.01,0.88,9.89,18.37,23.15,18.66,15.35,10.37,3.46,0.0,0.0,0.0,0.0,0.0,0.0,0.0,0.0
6/1/21,1.86,16.93,25.85,31.64,25.26,18.73,12.2,4.05,0.9,10.12,18.65,23.48,18.91,15.48,10.44,3.48,0.0,0.0,0.0,0.0,0.0,0.0,0.0,0.0
6/2/21,1.91,17.23,26.17,32.06,25.65,18.98,12.34,4.09,0.92,10.33,18.9,23.78,19.13,15.6,10.5,3.5,0.0,0.0,0.0,0.0,0.0,0.0,0.0,0.0
6/3/21,1.96,17.59,26.56,32.55,26.12,19.31,12.52,4.14,0.94,10.54,19.15,24.07,19.35,15.72,10.56,3.52,0.0,0.0,0.0,0.0,0.0,0.0,0.0,0.0
6/4/21,2.02,18.02,27.07,33.18,26.7,19.65,12.71,4.19,0.97,10.82,19.48,24.45,19.63,15.84,10.62,3.54,0.0,0.0,0.0,0.0,0.0,0.0,0.0,0.0
6/5/21,2.11,18.57,27.66,33.86,27.3,19.98,12.86,4.22,1.03,11.22,19.92,24.89,19.93,15.95,10.67,3.55,0.0,0.0,0.0,0.0,0.0,0.0,0.0,0.0
6/6/21,2.18,19.05,28.15,34.39,27.74,20.2,12.94,4.24,1.06,11.54,20.29,25.25,20.14,16.03,10.7,3.56,0.0,0.0,0.0,0.0,0.0,0.0,0.0,0.0
6/7/21,2.24,19.51,28.65,34.99,28.3,20.6,13.16,4.3,1.1,11.78,20.54,25.53,20.36,16.14,10.77,3.58,0.0,0.0,0.0,0.0,0.0,0.0,0.0,0.0
6/8/21,2.29,19.89,29.07,35.52,28.83,20.97,13.38,4.36,1.12,11.96,20.73,25.76,20.54,16.24,10.82,3.59,0.0,0.0,0.0,0.0,0.0,0.0,0.0,0.0
6/9/21,2.35,20.23,29.48,36.04,29.32,21.29,13.57,4.4,1.15,12.11,20.89,25.96,20.69,16.32,10.86,3.6,0.0,0.0,0.0,0.0,0.0,0.0,0.0,0.0
6/10/21,2.41,20.64,29.96,36.61,29.89,21.64,13.77,4.46,1.17,12.3,21.09,26.18,20.86,16.42,10.91,3.62,0.0,0.0,0.0,0.0,0.0,0.0,0.0,0.0
6/11/21,2.48,21.1,30.57,37.4,30.63,22.08,14.0,4.52,1.22,12.57,21.39,26.54,21.12,16.54,10.97,3.63,0.0,0.0,0.0,0.0,0.0,0.0,0.0,0.0
6/12/21,2.56,21.66,31.22,38.2,31.37,22.47,14.16,4.55,1.28,12.95,21.78,26.95,21.42,16.65,11.03,3.65,0.0,0.0,0.0,0.0,0.0,0.0,0.0,0.0
6/13/21,2.64,22.19,31.82,38.88,31.94,22.74,14.26,4.57,1.32,13.23,22.06,27.23,21.61,16.73,11.06,3.66,0.0,0.0,0.0,0.0,0.0,0.0,0.0,0.0
6/14/21,2.86,22.61,32.22,39.31,32.32,22.97,14.4,4.61,1.34,13.39,22.2,27.37,21.72,16.78,11.09,3.66,0.0,0.0,0.0,0.0,0.0,0.0,0.0,0.0
6/15/21,2.96,23.02,32.69,39.87,32.89,23.37,14.66,4.67,1.38,13.61,22.44,27.63,21.94,16.91,11.16,3.68,0.0,0.0,0.0,0.0,0.0,0.0,0.0,0.0
6/16/21,3.05,23.4,33.12,40.4,33.41,23.76,14.91,4.74,1.41,13.78,22.59,27.8,22.09,16.99,11.2,3.69,0.0,0.0,0.0,0.0,0.0,0.0,0.0,0.0
6/17/21,3.15,23.82,33.59,40.98,34.0,24.15,15.14,4.8,1.43,13.96,22.76,28.01,22.27,17.08,11.26,3.71,0.0,0.0,0.0,0.0,0.0,0.0,0.0,0.0
6/18/21,3.31,24.28,34.2,41.74,34.7,24.57,15.38,4.86,1.47,14.2,23.03,28.33,22.53,17.23,11.33,3.73,0.0,0.0,0.0,0.0,0.0,0.0,0.0,0.0
6/19/21,3.51,24.79,34.75,42.43,35.33,24.93,15.56,4.9,1.53,14.59,23.38,28.73,22.86,17.38,11.4,3.75,0.0,0.0,0.0,0.0,0.0,0.0,0.0,0.0
6/20/21,3.67,25.27,35.19,42.91,35.74,25.14,15.65,4.93,1.58,14.92,23.66,29.03,23.09,17.47,11.44,3.76,0.0,0.0,0.0,0.0,0.0,0.0,0.0,0.0
6/21/21,3.8,25.74,35.69,43.49,36.31,25.55,15.89,5.0,1.62,15.21,23.96,29.36,23.36,17.62,11.53,3.78,0.0,0.0,0.0,0.0,0.0,0.0,0.0,0.0
6/22/21,3.92,26.1,36.11,44.0,36.86,25.97,16.15,5.06,1.66,15.44,24.18,29.63,23.61,17.78,11.63,3.8,0.0,0.0,0.0,0.0,0.0,0.0,0.0,0.0
6/23/21,4.06,26.51,36.53,44.51,37.39,26.35,16.37,5.12,1.7,15.67,24.4,29.9,23.86,17.94,11.72,3.82,0.0,0.0,0.0,0.0,0.0,0.0,0.0,0.0
6/24/21,4.19,27.0,37.04,45.09,37.97,26.72,16.61,5.18,1.74,15.94,24.69,30.23,24.15,18.12,11.83,3.85,0.0,0.0,0.0,0.0,0.0,0.0,0.0,0.0
6/25/21,4.39,27.46,37.6,45.81,38.67,27.17,16.85,5.24,1.79,16.3,25.09,30.72,24.58,18.37,11.96,3.89,0.0,0.0,0.0,0.0,0.0,0.0,0.0,0.0
6/26/21,4.6,27.94,38.1,46.41,39.23,27.5,17.02,5.29,1.88,16.82,25.63,31.34,25.1,18.63,12.08,3.92,0.0,0.0,0.0,0.0,0.0,0.0,0.0,0.0
6/27/21,4.84,28.48,38.59,46.93,39.68,27.75,17.12,5.32,1.94,17.29,26.09,31.83,25.48,18.82,12.15,3.94,0.0,0.0,0.0,0.0,0.0,0.0,0.0,0.0
6/28/21,4.98,28.96,39.06,47.44,40.24,28.15,17.34,5.38,1.99,17.66,26.48,32.3,25.9,19.09,12.29,3.97,0.0,0.0,0.0,0.0,0.0,0.0,0.0,0.0
6/29/21,5.14,29.47,39.58,48.04,40.87,28.6,17.6,5.45,2.04,18.02,26.9,32.79,26.33,19.39,12.46,4.02,0.0,0.0,0.0,0.0,0.0,0.0,0.0,0.0
6/30/21,5.37,30.02,40.19,48.74,41.57,29.03,17.83,5.52,2.09,18.37,27.33,33.29,26.78,19.68,12.62,4.06,0.0,0.0,0.0,0.0,0.0,0.0,0.0,0.0
7/1/21,5.64,30.66,40.77,49.33,42.11,29.34,17.98,5.56,2.13,18.65,27.61,33.6,27.04,19.84,12.71,4.08,0.0,0.0,0.0,0.0,0.0,0.0,0.0,0.0
7/2/21,5.94,31.17,41.31,49.95,42.73,29.76,18.22,5.63,2.2,19.13,28.23,34.36,27.77,20.28,12.95,4.15,0.0,0.0,0.0,0.0,0.0,0.0,0.0,0.0
7/3/21,6.13,31.63,41.75,50.45,43.22,30.08,18.37,5.68,2.29,19.71,28.88,35.12,28.43,20.64,13.1,4.19,0.0,0.0,0.0,0.0,0.0,0.0,0.0,0.0
7/4/21,6.39,32.19,42.22,50.93,43.63,30.31,18.48,5.71,2.36,20.21,29.41,35.7,28.9,20.87,13.18,4.21,0.0,0.0,0.0,0.0,0.0,0.0,0.0,0.0
7/5/21,6.63,32.81,42.77,51.53,44.27,30.83,18.8,5.8,2.53,20.63,29.85,36.24,29.42,21.23,13.4,4.26,0.0,0.0,0.0,0.0,0.0,0.0,0.0,0.0
7/6/21,6.89,33.34,43.27,52.08,44.86,31.32,19.12,5.88,2.62,20.98,30.26,36.76,29.93,21.6,13.62,4.32,0.0,0.0,0.0,0.0,0.0,0.0,0.0,0.0
7/7/21,7.18,33.9,43.75,52.61,45.43,31.78,19.39,5.94,2.7,21.32,30.65,37.24,30.4,21.92,13.82,4.37,0.0,0.0,0.0,0.0,0.0,0.0,0.0,0.0
7/8/21,7.42,34.51,44.32,53.21,46.05,32.22,19.66,6.02,2.78,21.73,31.13,37.83,30.96,22.28,14.03,4.43,0.0,0.0,0.0,0.0,0.0,0.0,0.0,0.0
7/9/21,7.66,35.0,44.85,53.8,46.64,32.63,19.89,6.08,2.92,22.21,31.77,38.66,31.71,22.73,14.28,4.48,0.0,0.0,0.0,0.0,0.0,0.0,0.0,0.0
7/10/21,7.81,35.42,45.24,54.23,47.06,32.91,20.02,6.12,3.13,22.88,32.46,39.53,32.48,23.15,14.47,4.52,0.0,0.0,0.0,0.0,0.0,0.0,0.0,0.0
7/11/21,8.06,35.99,45.7,54.7,47.46,33.14,20.13,6.15,3.3,23.4,32.99,40.13,33.0,23.38,14.56,4.54,0.0,0.0,0.0,0.0,0.0,0.0,0.0,0.0
7/12/21,8.38,36.61,46.22,55.29,48.08,33.66,20.47,6.25,3.43,23.84,33.43,40.6,33.43,23.68,14.73,4.59,0.0,0.0,0.0,0.0,0.0,0.0,0.0,0.0
7/13/21,8.74,37.21,46.74,55.84,48.66,34.15,20.8,6.34,3.54,24.16,33.8,41.04,33.9,24.01,14.94,4.65,0.0,0.0,0.0,0.0,0.0,0.0,0.0,0.0
7/14/21,9.1,37.83,47.24,56.37,49.19,34.56,21.06,6.42,3.65,24.52,34.18,41.49,34.32,24.32,15.14,4.7,0.0,0.0,0.0,0.0,0.0,0.0,0.0,0.0
7/15/21,9.35,38.44,47.77,56.91,49.75,34.98,21.31,6.49,3.77,24.95,34.68,42.08,34.93,24.71,15.4,4.77,0.0,0.0,0.0,0.0,0.0,0.0,0.0,0.0
7/16/21,9.64,38.9,48.29,57.48,50.31,35.37,21.54,6.55,3.95,25.44,35.29,42.83,35.65,25.16,15.64,4.83,0.0,0.0,0.0,0.0,0.0,0.0,0.0,0.0
7/17/21,9.8,39.37,48.75,57.97,50.78,35.68,21.69,6.6,4.19,26.02,35.9,43.57,36.34,25.56,15.84,4.88,0.0,0.0,0.0,0.0,0.0,0.0,0.0,0.0
7/18/21,10.04,39.93,49.23,58.44,51.18,35.93,21.82,6.64,4.41,26.55,36.41,44.13,36.83,25.82,15.95,4.91,0.0,0.0,0.0,0.0,0.0,0.0,0.0,0.0
7/19/21,10.4,40.57,49.76,59.01,51.75,36.42,22.13,6.73,4.56,26.99,36.86,44.66,37.37,26.22,16.18,4.97,0.0,0.0,0.0,0.0,0.0,0.0,0.0,0.0
7/20/21,10.76,41.17,50.26,59.53,52.31,36.88,22.44,6.81,4.69,27.37,37.25,45.15,37.9,26.61,16.43,5.03,0.0,0.0,0.0,0.0,0.0,0.0,0.0,0.0
7/21/21,11.1,41.83,50.78,60.06,52.83,37.33,22.73,6.89,4.86,27.76,37.65,45.63,38.39,26.97,16.63,5.08,0.0,0.0,0.0,0.0,0.0,0.0,0.0,0.0
7/22/21,11.34,42.48,51.34,60.6,53.36,37.72,22.98,6.96,5.02,28.27,38.17,46.21,38.98,27.33,16.86,5.14,0.0,0.0,0.0,0.0,0.0,0.0,0.0,0.0
7/23/21,11.49,42.9,51.78,61.07,53.85,38.09,23.19,7.03,5.33,28.86,38.88,47.08,39.81,27.85,17.13,5.21,0.0,0.0,0.0,0.0,0.0,0.0,0.0,0.0
7/24/21,11.61,43.33,52.2,61.52,54.27,38.39,23.35,7.08,5.6,29.58,39.59,47.86,40.53,28.27,17.32,5.27,0.0,0.0,0.0,0.0,0.0,0.0,0.0,0.0
7/25/21,11.82,43.87,52.67,61.97,54.65,38.63,23.46,7.11,5.87,30.2,40.15,48.42,41.02,28.54,17.43,5.31,0.0,0.0,0.0,0.0,0.0,0.0,0.0,0.0
7/26/21,12.08,44.49,53.16,62.47,55.19,39.08,23.76,7.22,6.11,30.78,40.67,48.98,41.62,28.97,17.7,5.37,0.0,0.0,0.0,0.0,0.0,0.0,0.0,0.0
7/27/21,12.4,45.14,53.69,62.98,55.72,39.54,24.09,7.32,6.34,31.23,41.12,49.49,42.17,29.41,17.96,5.44,0.0,0.0,0.0,0.0,0.0,0.0,0.0,0.0
7/28/21,12.66,45.76,54.21,63.49,56.23,39.97,24.37,7.43,6.6,31.71,41.55,49.98,42.72,29.83,18.21,5.5,0.0,0.0,0.0,0.0,0.0,0.0,0.0,0.0
7/29/21,12.84,46.35,54.75,64.0,56.77,40.37,24.88,7.6,6.8,32.27,42.07,50.52,43.23,30.15,18.4,5.55,0.0,0.0,0.0,0.0,0.0,0.0,0.0,0.0
7/30/21,13.01,46.85,55.26,64.52,57.3,40.77,25.31,7.77,7.06,32.84,42.69,51.24,43.95,30.63,18.66,5.62,0.0,0.0,0.0,0.0,0.0,0.0,0.0,0.0
7/31/21,13.2,47.39,55.77,65.02,57.78,41.11,25.67,7.89,7.27,33.47,43.29,51.9,44.58,31.02,18.86,5.67,0.0,0.0,0.0,0.0,0.0,0.0,0.0,0.0
8/1/21,13.45,48.01,56.29,65.49,58.17,41.38,25.91,7.97,7.51,34.03,43.77,52.39,45.01,31.27,18.97,5.7,0.0,0.0,0.0,0.0,0.0,0.0,0.0,0.0
8/2/21,13.72,48.66,56.82,66.01,58.72,41.87,26.46,8.17,7.81,34.56,44.23,52.91,45.56,31.72,19.25,5.78,0.0,0.0,0.0,0.0,0.0,0.0,0.0,0.0
8/3/21,14.02,49.31,57.37,66.57,59.31,42.41,27.04,8.38,8.12,35.02,44.64,53.37,46.07,32.16,19.56,5.87,0.0,0.0,0.0,0.0,0.0,0.0,0.0,0.0
8/4/21,14.3,49.98,57.92,67.05,59.8,42.88,27.52,8.57,8.43,35.51,45.06,53.84,46.57,32.59,19.82,5.94,0.0,0.0,0.0,0.0,0.0,0.0,0.0,0.0
8/5/21,14.49,50.69,58.54,67.58,60.32,43.34,27.95,8.74,8.64,36.08,45.57,54.37,47.13,32.99,20.07,6.01,0.0,0.0,0.0,0.0,0.0,0.0,0.0,0.0
8/6/21,14.63,51.27,59.1,68.11,60.84,43.77,28.36,8.89,8.94,36.66,46.17,55.06,47.81,33.46,20.32,6.07,0.0,0.0,0.0,0.0,0.0,0.0,0.0,0.0
8/7/21,14.78,51.84,59.6,68.58,61.31,44.16,28.7,9.03,9.17,37.31,46.77,55.71,48.41,33.85,20.51,6.13,0.0,0.0,0.0,0.0,0.0,0.0,0.0,0.0
8/8/21,15.03,52.53,60.16,69.06,61.71,44.46,28.9,9.1,9.41,37.84,47.22,56.16,48.79,34.07,20.63,6.16,0.0,0.0,0.0,0.0,0.0,0.0,0.0,0.0
8/9/21,15.24,53.28,60.74,69.56,62.21,44.91,29.31,9.26,9.73,38.39,47.69,56.68,49.35,34.56,20.94,6.26,0.0,0.0,0.0,0.0,0.0,0.0,0.0,0.0
8/10/21,15.48,54.04,61.34,70.08,62.73,45.39,29.78,9.48,10.04,38.87,48.09,57.13,49.85,35.0,21.23,6.34,0.0,0.0,0.0,0.0,0.0,0.0,0.0,0.0
8/11/21,15.79,54.75,61.85,70.55,63.2,46.04,30.17,9.64,10.33,39.4,48.52,57.59,50.3,35.39,21.49,6.41,0.0,0.0,0.0,0.0,0.0,0.0,0.0,0.0
8/12/21,16.04,55.39,62.34,70.98,63.66,46.59,30.55,9.81,10.57,40.02,49.06,58.14,50.85,35.78,21.73,6.49,0.0,0.0,0.0,0.0,0.0,0.0,0.0,0.0
8/13/21,16.29,56.01,62.86,71.46,64.13,47.13,30.9,9.96,10.78,40.63,49.66,58.78,51.46,36.2,21.97,6.55,0.0,0.0,0.0,0.0,0.0,0.0,0.0,0.0
8/14/21,16.52,56.59,63.36,71.91,64.56,47.59,31.18,10.07,10.99,41.29,50.26,59.37,52.02,36.58,22.17,6.61,0.0,0.0,0.0,0.0,0.0,0.0,0.0,0.0
8/15/21,16.85,57.27,63.86,72.34,64.92,47.94,31.34,10.14,11.22,41.84,50.73,59.82,52.4,36.82,22.28,6.65,0.0,0.0,0.0,0.0,0.0,0.0,0.0,0.0
8/16/21,17.19,58.0,64.39,72.8,65.38,48.48,31.71,10.3,11.47,42.39,51.17,60.27,52.87,37.23,22.55,6.73,0.0,0.0,0.0,0.0,0.0,0.0,0.0,0.0
8/17/21,17.54,58.71,64.88,73.23,65.82,48.96,32.06,10.47,11.74,42.91,51.57,60.66,53.3,37.61,22.81,6.81,0.0,0.0,0.0,0.0,0.0,0.0,0.0,0.0
8/18/21,17.89,59.39,65.36,73.64,66.24,49.41,32.38,10.63,11.98,43.41,52.0,61.08,53.74,37.99,23.06,6.88,0.0,0.0,0.0,0.0,0.0,0.0,0.0,0.0
8/19/21,18.17,60.03,65.81,74.01,66.61,49.79,32.65,10.77,12.16,44.02,52.53,61.57,54.22,38.34,23.45,6.99,0.0,0.0,0.0,0.0,0.0,0.0,0.0,0.0
8/20/21,18.38,60.52,66.23,74.39,66.98,50.18,32.93,10.9,12.36,44.65,53.15,62.21,54.84,38.79,23.84,7.11,0.0,0.0,0.0,0.0,0.0,0.0,0.0,0.0
8/21/21,18.55,60.97,66.61,74.72,67.27,50.49,33.12,11.01,12.61,45.36,53.8,62.88,55.43,39.2,24.16,7.2,0.0,0.0,0.0,0.0,0.0,0.0,0.0,0.0
8/22/21,18.8,61.49,67.01,75.05,67.53,50.71,33.23,11.06,12.87,45.97,54.31,63.35,55.83,39.47,24.35,7.27,0.0,0.0,0.0,0.0,0.0,0.0,0.0,0.0
8/23/21,19.09,62.04,67.39,75.39,67.88,51.11,33.53,11.21,13.13,46.58,54.78,63.81,56.34,39.91,24.78,7.42,0.0,0.0,0.0,0.0,0.0,0.0,0.0,0.0
8/24/21,19.39,62.6,67.78,75.73,68.24,51.47,33.81,11.38,13.38,47.09,55.22,64.23,56.78,40.33,25.2,7.56,0.0,0.0,0.0,0.0,0.0,0.0,0.0,0.0
8/25/21,19.67,63.11,68.16,76.06,68.56,51.81,34.07,11.51,13.64,47.68,55.7,64.68,57.25,40.75,25.57,7.69,0.0,0.0,0.0,0.0,0.0,0.0,0.0,0.0
8/26/21,19.87,63.6,68.53,76.37,68.88,52.13,34.32,11.67,13.83,48.42,56.36,65.25,57.82,41.19,26.01,7.84,0.0,0.0,0.0,0.0,0.0,0.0,0.0,0.0
8/27/21,20.1,64.03,68.9,76.73,69.22,52.44,34.54,11.77,14.02,49.15,57.05,65.93,58.46,41.65,26.44,7.99,0.0,0.0,0.0,0.0,0.0,0.0,0.0,0.0
8/28/21,20.32,64.44,69.25,77.04,69.53,52.75,34.74,11.91,14.26,49.89,57.74,66.57,59.07,42.08,26.83,8.13,0.0,0.0,0.0,0.0,0.0,0.0,0.0,0.0
8/29/21,20.57,64.86,69.58,77.31,69.74,52.93,34.85,11.95,14.53,50.62,58.34,67.1,59.51,42.39,27.06,8.21,0.0,0.0,0.0,0.01,0.0,0.0,0.0,0.0
8/30/21,20.81,65.31,69.92,77.61,70.05,53.26,35.12,12.12,14.74,51.48,59.03,67.7,60.13,42.89,27.56,8.39,0.0,0.0,0.0,0.01,0.0,0.0,0.0,0.0
8/31/21,20.99,65.7,70.22,77.87,70.32,53.56,35.36,12.28,14.94,52.29,59.72,68.31,60.76,43.45,28.08,8.59,0.0,0.0,0.0,0.01,0.0,0.0,0.0,0.0
9/1/21,21.16,66.14,70.52,78.16,70.64,53.89,35.65,12.46,15.1,52.78,60.08,68.65,61.14,43.98,28.49,8.76,0.0,0.0,0.0,0.01,0.0,0.0,0.0,0.0
9/2/21,21.31,66.55,70.82,78.44,70.93,54.19,35.91,12.63,15.24,53.28,60.46,69.01,61.54,44.47,28.88,8.92,0.0,0.0,0.0,0.01,0.0,0.0,0.0,0.0
9/3/21,21.56,66.93,71.17,78.77,71.24,54.48,36.15,12.76,15.49,53.85,60.97,69.51,62.04,45.0,29.26,9.07,0.0,0.0,0.0,0.01,0.0,0.0,0.0,0.0
9/4/21,21.88,67.32,71.52,79.12,71.53,54.73,36.34,12.87,15.85,54.48,61.47,70.0,62.51,45.49,29.6,9.21,0.0,0.0,0.0,0.01,0.0,0.0,0.0,0.0
9/5/21,22.12,67.67,71.82,79.37,71.72,54.87,36.43,12.93,16.14,55.05,61.91,70.4,62.86,45.81,29.78,9.28,0.0,0.0,0.0,0.01,0.01,0.0,0.0,0.0
9/6/21,22.22,67.95,72.04,79.57,71.95,55.11,36.65,13.06,16.31,55.62,62.35,70.8,63.31,46.33,30.16,9.43,0.0,0.0,0.0,0.01,0.01,0.0,0.0,0.0
9/7/21,22.3,68.16,72.21,79.74,72.13,55.32,36.85,13.19,16.48,56.12,62.73,71.17,63.71,46.8,30.54,9.6,0.0,0.0,0.0,0.01,0.01,0.0,0.0,0.0
9/8/21,22.37,68.36,72.37,79.89,72.31,55.53,37.05,13.32,16.65,56.65,63.13,71.53,64.12,47.3,30.9,9.76,0.0,0.0,0.0,0.01,0.01,0.0,0.0,0.0
9/9/21,22.47,68.59,72.57,80.07,72.5,55.74,37.25,13.45,16.8,57.26,63.61,71.94,64.55,47.75,31.23,9.91,0.0,0.0,0.0,0.01,0.01,0.0,0.0,0.0
9/10/21,22.66,68.8,72.77,80.27,72.7,55.96,37.47,13.57,17.19,57.91,64.17,72.46,65.04,48.25,31.57,10.06,0.0,0.0,0.0,0.01,0.01,0.0,0.0,0.0
9/11/21,22.91,69.05,73.01,80.51,72.91,56.16,37.64,13.67,17.72,58.67,64.72,72.98,65.49,48.69,31.85,10.18,0.0,0.0,0.0,0.01,0.01,0.0,0.0,0.0
9/12/21,23.05,69.25,73.19,80.66,73.03,56.26,37.71,13.71,18.07,59.26,65.15,73.34,65.8,48.98,31.98,10.24,0.0,0.0,0.0,0.01,0.01,0.0,0.0,0.0
9/13/21,23.12,69.41,73.33,80.79,73.17,56.45,37.9,13.83,18.23,59.76,65.53,73.69,66.17,49.42,32.31,10.38,0.0,0.0,0.0,0.01,0.01,0.0,0.0,0.0
9/14/21,23.16,69.54,73.44,80.89,73.29,56.59,38.05,13.94,18.36,60.17,65.84,73.96,66.48,49.79,32.61,10.52,0.0,0.0,0.0,0.01,0.01,0.0,0.0,0.0
9/15/21,23.2,69.67,73.55,80.99,73.42,56.74,38.2,14.05,18.47,60.58,66.15,74.25,66.79,50.15,32.9,10.67,0.0,0.0,0.0,0.01,0.01,0.0,0.0,0.0
9/16/21,23.28,69.81,73.67,81.1,73.54,56.88,38.33,14.13,18.51,61.07,66.54,74.57,67.12,50.49,33.17,10.81,0.0,0.0,0.0,0.01,0.01,0.0,0.0,0.0
9/17/21,23.42,69.96,73.83,81.26,73.69,57.03,38.46,14.21,18.62,61.6,66.99,75.0,67.52,50.86,33.43,10.92,0.0,0.0,0.0,0.01,0.01,0.0,0.0,0.0
9/18/21,23.59,70.16,74.0,81.43,73.83,57.16,38.57,14.29,18.8,62.3,67.46,75.43,67.92,51.25,33.66,11.03,0.0,0.0,0.0,0.01,0.01,0.0,0.0,0.0
9/19/21,23.67,70.28,74.12,81.52,73.91,57.23,38.61,14.32,18.9,62.73,67.79,75.71,68.14,51.45,33.78,11.09,0.0,0.0,0.0,0.01,0.01,0.0,0.0,0.0
9/20/21,23.73,70.39,74.22,81.62,74.01,57.34,38.73,14.39,18.93,63.07,68.07,75.94,68.39,51.77,34.04,11.24,0.0,0.0,0.0,0.01,0.01,0.0,0.0,0.0
9/21/21,23.78,70.48,74.31,81.7,74.09,57.42,38.8,14.44,18.96,63.31,68.26,76.12,68.59,52.0,34.23,11.36,0.0,0.0,0.0,0.01,0.01,0.0,0.0,0.0
9/22/21,23.83,70.55,74.37,81.75,74.15,57.48,38.85,14.47,19.01,63.59,68.44,76.29,68.77,52.2,34.39,11.45,0.0,0.0,0.0,0.01,0.01,0.0,0.0,0.0
9/23/21,23.86,70.66,74.47,81.86,74.27,57.62,39.02,14.6,19.05,64.06,68.86,76.68,69.18,52.63,34.75,11.67,0.0,0.0,0.0,0.01,0.01,0.0,0.0,0.0
9/24/21,24.01,70.78,74.61,82.0,74.41,57.79,39.2,14.72,19.13,64.55,69.3,77.1,69.6,53.0,35.03,11.83,0.0,0.0,0.0,0.01,0.01,0.0,0.0,0.0
9/25/21,24.13,70.92,74.75,82.13,74.55,57.94,39.34,14.81,19.29,65.17,69.79,77.58,70.03,53.37,35.29,11.98,0.0,0.0,0.0,0.01,0.01,0.0,0.0,0.0
9/26/21,24.19,71.03,74.84,82.21,74.63,58.01,39.41,14.85,19.37,65.6,70.13,77.89,70.27,53.55,35.4,12.05,0.0,0.0,0.0,0.01,0.01,0.0,0.0,0.0
9/27/21,24.24,71.13,74.94,82.32,74.75,58.18,39.58,14.96,19.41,65.95,70.41,78.15,70.56,53.86,35.66,12.2,0.0,0.0,0.0,0.01,0.01,0.0,0.0,0.0
9/28/21,24.27,71.22,75.03,82.4,74.86,58.31,39.72,15.07,19.44,66.21,70.63,78.35,70.8,54.12,35.91,12.35,0.0,0.0,0.0,0.01,0.01,0.0,0.0,0.0
9/29/21,24.32,71.33,75.14,82.5,74.96,58.44,39.86,15.19,19.47,66.48,70.88,78.57,71.05,54.39,36.15,12.51,0.0,0.0,0.0,0.01,0.01,0.0,0.0,0.0
9/30/21,24.51,71.47,75.29,82.65,75.11,58.61,40.04,15.3,19.52,66.83,71.18,78.85,71.33,54.67,36.4,12.66,0.0,0.0,0.0,0.01,0.01,0.0,0.0,0.0
10/1/21,24.61,71.56,75.36,82.72,75.17,58.68,40.09,15.33,19.57,67.04,71.35,79.0,71.47,54.82,36.52,12.72,0.0,0.0,0.0,0.01,0.01,0.0,0.0,0.0
10/2/21,24.68,71.63,75.43,82.79,75.25,58.77,40.18,15.39,19.64,67.34,71.62,79.27,71.73,55.07,36.74,12.85,0.0,0.0,0.0,0.01,0.01,0.0,0.0,0.0
10/3/21,24.72,71.68,75.49,82.83,75.29,58.81,40.22,15.42,19.67,67.55,71.8,79.43,71.86,55.19,36.82,12.9,0.0,0.0,0.0,0.01,0.01,0.0,0.0,0.0
10/4/21,24.75,71.75,75.55,82.89,75.36,58.92,40.36,15.52,19.7,67.74,71.97,79.6,72.05,55.42,37.04,13.04,0.0,0.0,0.0,0.01,0.01,0.0,0.0,0.0
10/5/21,24.77,71.8,75.6,82.95,75.42,59.04,40.5,15.61,19.71,67.87,72.08,79.72,72.19,55.6,37.21,13.16,0.0,0.0,0.0,0.01,0.01,0.0,0.0,0.0
10/6/21,24.79,71.85,75.65,82.99,75.48,59.13,40.62,15.7,19.72,67.99,72.19,79.83,72.32,55.76,37.37,13.26,0.0,0.0,0.0,0.01,0.01,0.0,0.0,0.0
10/7/21,24.82,71.91,75.7,83.05,75.54,59.22,40.73,15.8,19.74,68.13,72.32,79.95,72.47,55.93,37.54,13.38,0.0,0.0,0.0,0.01,0.01,0.0,0.0,0.0
10/8/21,24.87,71.96,75.75,83.1,75.61,59.29,40.79,15.83,19.76,68.31,72.49,80.13,72.64,56.12,37.71,13.47,0.0,0.0,0.0,0.01,0.01,0.0,0.0,0.0
10/9/21,24.87,71.96,75.75,83.1,75.61,59.29,40.79,15.83,19.76,68.31,72.49,80.13,72.64,56.12,37.71,13.47,0.0,0.0,0.0,0.01,0.01,0.0,0.0,0.0
10/10/21,24.94,72.04,75.82,83.16,75.65,59.34,40.84,15.86,19.81,68.59,72.74,80.36,72.86,56.31,37.86,13.55,0.01,0.0,0.0,0.01,0.01,0.0,0.0,0.0
10/11/21,24.98,72.11,75.88,83.21,75.72,59.44,40.98,15.95,19.82,68.72,72.88,80.49,73.01,56.51,38.07,13.69,0.01,0.0,0.0,0.01,0.01,0.0,0.0,0.0
10/12/21,24.99,72.14,75.91,83.24,75.75,59.5,41.06,16.01,19.83,68.79,72.94,80.57,73.1,56.63,38.2,13.78,0.01,0.0,0.0,0.01,0.01,0.0,0.0,0.0
10/13/21,72.14,75.91,83.24,75.76,59.51,41.06,16.01,25.04,68.79,72.95,80.57,73.1,56.63,38.2,13.78,19.85,0.0,0.0,0.01,0.01,0.0,0.0,0.0,0.01
10/14/21,72.2,75.97,83.29,75.79,59.54,41.09,16.02,25.11,68.93,73.08,80.69,73.22,56.77,38.33,13.85,19.88,0.0,0.0,0.01,0.01,0.0,0.0,0.0,0.01
10/15/21,72.27,76.04,83.35,75.85,59.64,41.21,16.1,25.18,69.11,73.28,80.9,73.45,57.02,38.58,14.01,19.92,0.0,0.0,0.01,0.01,0.0,0.0,0.0,0.01
10/16/21,72.35,76.1,83.42,75.92,59.74,41.34,16.2,25.21,69.33,73.49,81.09,73.64,57.19,38.73,14.12,19.93,0.0,0.0,0.01,0.01,0.0,0.0,0.0,0.01
10/17/21,72.4,76.15,83.45,75.95,59.77,41.37,16.22,25.23,69.45,73.6,81.18,73.71,57.27,38.79,14.16,19.95,0.0,0.0,0.01,0.01,0.0,0.0,0.0,0.01
10/18/21,72.45,76.2,83.5,76.01,59.86,41.5,16.32,25.25,69.56,73.71,81.29,73.84,57.41,38.93,14.26,19.95,0.0,0.0,0.01,0.01,0.0,0.0,0.0,0.01
10/19/21,72.5,76.24,83.55,76.06,59.95,41.61,16.41,25.27,69.64,73.78,81.36,73.92,57.51,39.03,14.34,19.96,0.0,0.0,0.01,0.01,0.01,0.0,0.0,0.01
10/20/21,72.53,76.28,83.59,76.11,60.02,41.69,16.48,25.29,69.72,73.86,81.42,73.99,57.59,39.12,14.39,19.97,0.0,0.0,0.01,0.01,0.01,0.0,0.0,0.01
10/21/21,72.58,76.32,83.62,76.16,60.1,41.82,16.57,25.36,69.82,73.96,81.52,74.1,57.73,39.28,14.51,19.99,0.0,0.0,0.01,0.01,0.01,0.0,0.0,0.01
10/22/21,72.63,76.38,83.68,76.23,60.19,41.96,16.68,25.42,69.96,74.1,81.67,74.24,57.89,39.44,14.61,20.01,0.0,0.0,0.01,0.01,0.01,0.0,0.0,0.01
10/23/21,72.7,76.44,83.73,76.28,60.26,42.02,16.73,25.45,70.12,74.25,81.81,74.39,58.04,39.58,14.7,20.03,0.0,0.0,0.01,0.01,0.01,0.0,0.0,0.01
10/24/21,72.74,76.49,83.77,76.31,60.28,42.04,16.74,25.47,70.2,74.33,81.89,74.46,58.11,39.63,14.73,20.03,0.0,0.0,0.01,0.01,0.01,0.0,0.0,0.01
10/25/21,72.79,76.53,83.81,76.36,60.36,42.15,16.82,25.49,70.29,74.42,81.97,74.56,58.25,39.8,14.84,20.04,0.0,0.0,0.01,0.01,0.01,0.0,0.0,0.01
10/26/21,72.83,76.56,83.84,76.4,60.43,42.23,16.89,25.5,70.36,74.49,82.05,74.66,58.38,39.95,14.95,20.05,0.0,0.0,0.01,0.01,0.01,0.0,0.0,0.01
10/27/21,72.87,76.6,83.88,76.45,60.51,42.33,16.97,25.52,70.42,74.54,82.11,74.74,58.49,40.07,15.06,20.05,0.0,0.0,0.01,0.01,0.01,0.0,0.0,0.01
10/28/21,72.91,76.65,83.92,76.5,60.59,42.44,17.06,25.57,70.49,74.62,82.19,74.82,58.61,40.2,15.16,20.07,0.0,0.0,0.02,0.02,0.01,0.01,0.0,0.01
10/29/21,72.97,76.71,83.97,76.56,60.68,42.55,17.13,25.63,70.57,74.69,82.27,74.91,58.68,40.27,15.21,20.07,0.0,0.0,0.02,0.02,0.01,0.01,0.0,0.01
10/30/21,73.03,76.77,84.03,76.63,60.77,42.64,17.2,25.66,70.62,74.75,82.33,74.97,58.76,40.35,15.26,20.08,0.0,0.01,0.02,0.02,0.01,0.01,0.0,0.01
10/31/21,73.07,76.81,84.07,76.66,60.8,42.67,17.22,25.67,70.69,74.81,82.38,75.02,58.82,40.4,15.29,20.09,0.0,0.01,0.02,0.02,0.01,0.01,0.0,0.01
11/1/21,73.11,76.85,84.11,76.71,60.89,42.79,17.29,25.69,70.74,74.86,82.44,75.08,58.91,40.52,15.38,20.09,0.0,0.01,0.02,0.02,0.01,0.01,0.0,0.01
11/2/21,73.15,76.89,84.15,76.76,60.97,42.89,17.37,25.69,70.78,74.9,82.48,75.13,58.99,40.62,15.45,20.09,0.0,0.01,0.02,0.02,0.01,0.01,0.0,0.01
11/3/21,73.16,76.9,84.16,76.78,61.01,42.95,17.41,25.71,70.78,74.91,82.49,75.15,59.03,40.67,15.5,20.1,0.0,0.01,0.02,0.02,0.01,0.01,0.0,0.01
11/4/21,73.22,76.96,84.22,76.84,61.09,43.06,17.48,25.77,70.84,74.96,82.54,75.21,59.11,40.77,15.58,20.11,0.0,0.01,0.02,0.02,0.01,0.01,0.0,0.01
11/5/21,73.27,77.02,84.27,76.9,61.18,43.17,17.56,25.84,70.9,75.02,82.6,75.27,59.2,40.88,15.64,20.13,0.0,0.01,0.02,0.02,0.01,0.01,0.0,0.01
11/6/21,73.36,77.1,84.35,76.97,61.26,43.24,17.61,25.87,71.0,75.1,82.67,75.34,59.27,40.95,15.69,20.13,0.0,0.01,0.02,0.02,0.01,0.01,0.0,0.01
11/7/21,73.42,77.16,84.39,77.01,61.3,43.27,17.63,25.89,71.06,75.16,82.72,75.38,59.32,40.99,15.71,20.14,0.0,0.01,0.02,0.02,0.01,0.01,0.0,0.01
11/8/21,73.47,77.21,84.44,77.07,61.39,43.38,17.69,25.91,71.11,75.21,82.77,75.44,59.42,41.12,15.8,20.14,0.0,0.01,0.02,0.02,0.01,0.01,0.0,0.01
11/9/21,73.51,77.26,84.49,77.12,61.47,43.46,17.76,25.91,71.15,75.24,82.8,75.48,59.49,41.22,15.86,20.14,0.0,0.01,0.02,0.02,0.01,0.01,0.0,0.01
11/10/21,73.52,77.27,84.5,77.14,61.5,43.51,17.79,25.93,71.15,75.25,82.81,75.49,59.51,41.24,15.88,20.15,0.0,0.01,0.02,0.02,0.01,0.01,0.0,0.01
11/11/21,73.57,77.33,84.55,77.19,61.58,43.61,17.85,25.98,71.19,75.29,82.84,75.54,59.57,41.33,15.95,20.16,0.02,0.05,0.12,0.15,0.85,0.65,0.22,0.01
11/12/21,73.64,77.41,84.62,77.26,61.66,43.7,17.92,26.05,71.24,75.35,82.9,75.6,59.66,41.43,16.02,20.18,0.03,0.08,0.19,0.24,1.32,1.06,0.35,0.01
11/13/21,73.73,77.5,84.7,77.34,61.73,43.77,17.96,26.08,71.33,75.43,82.97,75.67,59.75,41.54,16.1,20.18,0.05,0.12,0.28,0.35,1.77,1.34,0.43,0.01
11/14/21,73.79,77.56,84.74,77.38,61.77,43.8,17.98,26.09,71.39,75.48,83.02,75.71,59.78,41.56,16.12,20.19,0.06,0.15,0.35,0.45,2.01,1.46,0.47,0.01
11/15/21,73.84,77.61,84.79,77.44,61.86,43.91,18.06,26.11,71.43,75.52,83.06,75.75,59.86,41.68,16.2,20.19,0.07,0.17,0.41,0.52,2.34,1.71,0.55,0.01
11/16/21,73.89,77.67,84.84,77.49,61.95,44.01,18.14,26.12,71.47,75.56,83.1,75.8,59.94,41.78,16.27,20.19,0.08,0.2,0.46,0.58,2.61,1.94,0.63,0.01
11/17/21,73.9,77.68,84.85,77.51,61.98,44.05,18.17,26.14,71.47,75.56,83.11,75.82,59.98,41.83,16.32,20.19,0.08,0.2,0.46,0.59,2.67,2.0,0.66,0.01
11/18/21,73.98,77.76,84.92,77.58,62.07,44.17,18.25,26.19,71.52,75.61,83.16,75.88,60.08,41.98,16.42,20.2,0.09,0.24,0.53,0.67,2.93,2.23,0.72,0.01
11/19/21,74.06,77.85,84.99,77.65,62.16,44.28,18.32,26.26,71.57,75.67,83.22,75.94,60.18,42.11,16.51,20.22,0.1,0.27,0.58,0.73,3.2,2.45,0.79,0.01
11/20/21,74.18,77.97,85.08,77.74,62.25,44.35,18.37,26.29,71.65,75.75,83.29,76.01,60.27,42.19,16.56,20.23,0.12,0.3,0.65,0.82,3.46,2.61,0.83,0.01
11/21/21,74.25,78.04,85.13,77.79,62.29,44.38,18.39,26.3,71.7,75.8,83.33,76.05,60.31,42.23,16.58,20.23,0.13,0.34,0.71,0.89,3.6,2.68,0.85,0.01
11/22/21,74.32,78.1,85.18,77.85,62.37,44.49,18.46,26.32,71.75,75.84,83.37,76.1,60.39,42.34,16.65,20.23,0.15,0.38,0.78,0.96,3.86,2.88,0.92,0.01
11/23/21,74.37,78.16,85.23,77.9,62.45,44.57,18.53,26.32,71.78,75.88,83.41,76.15,60.47,42.44,16.73,20.23,0.18,0.46,0.95,1.19,4.08,3.06,0.98,0.01
11/24/21,74.38,78.17,85.25,77.93,62.49,44.62,18.57,26.35,71.79,75.89,83.42,76.17,60.5,42.49,16.77,20.24,0.19,0.47,0.98,1.25,4.15,3.13,1.01,0.01
11/25/21,74.47,78.26,85.32,78.0,62.58,44.74,18.67,26.4,71.83,75.94,83.47,76.22,60.59,42.62,16.87,20.25,0.23,0.58,1.21,1.52,4.42,3.37,1.08,0.01
11/26/21,74.57,78.36,85.41,78.08,62.68,44.86,18.75,26.47,71.88,75.99,83.52,76.29,60.68,42.72,16.94,20.26,0.27,0.68,1.4,1.77,4.68,3.61,1.16,0.01
11/27/21,74.72,78.5,85.52,78.19,62.79,44.96,18.83,26.51,71.97,76.07,83.6,76.36,60.77,42.81,17.01,20.27,0.35,0.82,1.68,2.08,4.92,3.78,1.22,0.01
11/28/21,74.84,78.61,85.6,78.27,62.86,45.02,18.87,26.53,72.03,76.14,83.65,76.41,60.82,42.85,17.03,20.27,0.42,0.96,1.94,2.36,5.08,3.88,1.26,0.02
11/29/21,74.94,78.7,85.67,78.35,63.0,45.22,19.03,26.56,72.08,76.18,83.7,76.46,60.9,42.97,17.11,20.28,0.46,1.06,2.13,2.59,5.33,4.11,1.34,0.02
11/30/21,75.04,78.8,85.76,78.45,63.13,45.41,19.18,26.56,72.12,76.23,83.74,76.51,60.98,43.07,17.18,20.28,0.51,1.16,2.31,2.81,5.56,4.32,1.41,0.02
12/1/21,75.05,78.81,85.77,78.47,63.18,45.49,19.26,26.6,72.13,76.23,83.75,76.53,61.01,43.13,17.23,20.28,0.52,1.17,2.35,2.87,5.63,4.38,1.44,0.02
12/2/21,75.1,78.87,85.82,78.53,63.28,45.63,19.38,26.69,72.17,76.28,83.79,76.58,61.09,43.24,17.29,20.29,0.57,1.27,2.55,3.1,5.85,4.58,1.51,0.02
12/3/21,75.15,78.93,85.88,78.61,63.39,45.79,19.54,26.8,72.23,76.35,83.86,76.65,61.18,43.34,17.36,20.31,0.61,1.36,2.72,3.31,6.06,4.77,1.56,0.02
12/4/21,75.22,79.01,85.95,78.68,63.48,45.9,19.64,26.87,72.32,76.44,83.93,76.72,61.25,43.41,17.41,20.32,0.69,1.48,2.94,3.53,6.25,4.91,1.61,0.02
12/5/21,75.27,79.06,86.0,78.73,63.53,45.96,19.7,26.89,72.38,76.51,83.98,76.77,61.3,43.44,17.44,20.32,0.76,1.6,3.15,3.72,6.36,4.98,1.64,0.03
12/6/21,75.31,79.11,86.04,78.78,63.63,46.11,19.83,26.92,72.43,76.56,84.03,76.82,61.38,43.54,17.5,20.33,0.8,1.68,3.31,3.89,6.54,5.15,1.7,0.03
12/7/21,75.36,79.16,86.09,78.84,63.71,46.23,19.97,26.93,72.47,76.6,84.06,76.86,61.46,43.63,17.57,20.33,0.84,1.76,3.46,4.06,6.72,5.31,1.76,0.03
12/8/21,75.37,79.17,86.11,78.87,63.76,46.29,20.06,26.95,72.47,76.61,84.08,76.88,61.49,43.68,17.61,20.33,0.85,1.78,3.5,4.12,6.77,5.36,1.78,0.03
12/9/21,75.43,79.23,86.15,78.93,63.84,46.4,20.18,27.01,72.54,76.67,84.13,76.94,61.57,43.77,17.67,20.34,0.9,1.87,3.67,4.31,6.96,5.53,1.84,0.03
12/10/21,75.48,79.29,86.21,78.99,63.93,46.52,20.29,27.1,72.6,76.75,84.2,77.01,61.65,43.87,17.74,20.36,0.95,1.95,3.81,4.47,7.14,5.69,1.88,0.03
12/11/21,75.55,79.35,86.26,79.05,64.0,46.59,20.36,27.14,72.71,76.85,84.28,77.1,61.73,43.95,17.79,20.37,1.01,2.05,3.99,4.66,7.3,5.8,1.91,0.03
12/12/21,75.61,79.41,86.3,79.08,64.03,46.62,20.38,27.16,72.78,76.92,84.34,77.14,61.78,43.98,17.81,20.37,1.07,2.16,4.16,4.82,7.39,5.86,1.93,0.03
12/13/21,75.65,79.45,86.35,79.13,64.1,46.72,20.46,27.19,72.84,76.98,84.39,77.19,61.86,44.08,17.89,20.38,1.12,2.25,4.32,4.99,7.56,6.0,1.98,0.04
12/14/21,75.7,79.49,86.39,79.18,64.17,46.8,20.54,27.2,72.88,77.03,84.43,77.24,61.93,44.17,17.95,20.38,1.16,2.33,4.46,5.15,7.72,6.14,2.02,0.04
12/15/21,75.71,79.51,86.41,79.2,64.2,46.85,20.59,27.25,72.89,77.04,84.44,77.26,61.96,44.21,17.99,20.39,1.17,2.35,4.5,5.2,7.78,6.19,2.03,0.04
12/16/21,75.76,79.56,86.45,79.25,64.27,46.94,20.68,27.32,72.96,77.11,84.5,77.33,62.05,44.32,18.07,20.4,1.23,2.44,4.68,5.39,7.97,6.37,2.1,0.04
12/17/21,75.82,79.61,86.49,79.29,64.33,47.01,20.75,27.4,73.03,77.19,84.57,77.4,62.14,44.42,18.14,20.42,1.29,2.52,4.82,5.56,8.15,6.51,2.14,0.04
12/18/21,75.89,79.68,86.54,79.34,64.37,47.05,20.79,27.46,73.16,77.31,84.67,77.49,62.22,44.5,18.19,20.44,1.37,2.63,5.0,5.73,8.29,6.6,2.17,0.05
12/19/21,75.94,79.72,86.57,79.36,64.39,47.06,20.8,27.5,73.26,77.4,84.73,77.55,62.28,44.55,18.23,20.44,1.44,2.72,5.15,5.88,8.39,6.65,2.18,0.05
12/20/21,75.99,79.75,86.6,79.4,64.44,47.12,20.86,27.56,73.34,77.47,84.79,77.61,62.37,44.67,18.31,20.45,1.5,2.8,5.28,6.02,8.54,6.76,2.22,0.05
12/21/21,76.03,79.79,86.63,79.42,64.47,47.17,20.93,27.57,73.42,77.53,84.84,77.66,62.44,44.76,18.36,20.45,1.56,2.86,5.4,6.14,8.65,6.83,2.24,0.05
12/22/21,76.04,79.8,86.64,79.45,64.5,47.22,20.99,27.66,73.42,77.54,84.85,77.69,62.49,44.82,18.42,20.46,1.57,2.88,5.44,6.19,8.7,6.89,2.26,0.06
12/23/21,76.1,79.85,86.69,79.5,64.58,47.31,21.09,27.71,73.48,77.6,84.91,77.76,62.59,44.95,18.52,20.47,1.65,2.96,5.59,6.36,8.88,7.05,2.31,0.06
12/24/21,76.15,79.9,86.73,79.55,64.64,47.38,21.13,27.75,73.52,77.65,84.96,77.82,62.68,45.06,18.59,20.48,1.71,3.03,5.71,6.51,9.04,7.17,2.34,0.06
12/25/21,76.2,79.94,86.77,79.6,64.68,47.41,21.15,27.79,73.57,77.71,85.01,77.88,62.75,45.12,18.64,20.49,1.77,3.11,5.86,6.66,9.16,7.24,2.36,0.07
12/26/21,76.24,79.98,86.8,79.63,64.71,47.43,21.16,27.82,73.63,77.77,85.07,77.94,62.81,45.18,18.67,20.5,1.83,3.18,5.99,6.79,9.26,7.28,2.37,0.07
12/27/21,76.28,80.01,86.82,79.65,64.73,47.44,21.17,27.89,73.7,77.84,85.12,77.99,62.88,45.28,18.74,20.52,1.9,3.25,6.11,6.9,9.34,7.34,2.39,0.08
12/28/21,76.34,80.07,86.87,79.7,64.79,47.52,21.23,27.91,73.79,77.94,85.21,78.1,63.05,45.51,18.91,20.52,2.0,3.35,6.3,7.12,9.56,7.5,2.44,0.08
12/29/21,76.35,80.1,86.9,79.73,64.84,47.59,21.29,27.98,73.8,77.96,85.24,78.14,63.12,45.62,19.02,20.54,2.02,3.37,6.35,7.19,9.64,7.57,2.46,0.08
12/30/21,76.42,80.17,86.96,79.8,64.92,47.71,21.38,28.03,73.85,78.02,85.29,78.2,63.22,45.77,19.17,20.6,2.1,3.46,6.53,7.39,9.85,7.72,2.5,0.09
12/31/21,76.48,80.24,87.02,79.87,65.01,47.8,21.46,28.07,73.89,78.07,85.34,78.26,63.31,45.89,19.27,20.65,2.17,3.55,6.68,7.57,10.01,7.86,2.54,0.09
1/1/22,76.58,80.37,87.13,79.97,65.11,47.9,21.53,28.11,73.93,78.11,85.37,78.3,63.36,45.93,19.3,20.69,2.25,3.67,6.88,7.76,10.11,7.92,2.55,0.1
1/2/22,76.69,80.5,87.23,80.06,65.23,48.02,21.64,28.15,73.99,78.17,85.42,78.35,63.41,45.99,19.35,20.72,2.35,3.82,7.15,8.03,10.22,7.99,2.58,0.11
1/3/22,76.84,80.68,87.4,80.29,65.64,48.61,22.13,28.18,74.05,78.23,85.47,78.41,63.51,46.13,19.48,20.74,2.48,4.0,7.47,8.41,10.48,8.2,2.64,0.12
1/4/22,76.99,80.88,87.58,80.51,66.04,49.19,22.65,28.22,74.1,78.28,85.52,78.47,63.58,46.25,19.6,20.75,2.65,4.21,7.83,8.78,10.74,8.4,2.72,0.14
1/5/22,77.16,81.09,87.78,80.72,66.41,49.74,23.19,28.26,74.12,78.3,85.54,78.5,63.64,46.32,19.68,20.77,2.82,4.44,8.21,9.19,11.01,8.61,2.78,0.15
1/6/22,77.33,81.3,87.97,80.94,66.77,50.3,23.77,28.34,74.18,78.36,85.59,78.56,63.72,46.43,19.81,20.81,3.02,4.69,8.61,9.61,11.29,8.82,2.86,0.17
1/7/22,77.51,81.56,88.22,81.19,67.17,50.85,24.31,28.42,74.25,78.43,85.65,78.63,63.8,46.54,19.93,20.87,3.22,4.95,9.04,10.04,11.56,9.03,2.92,0.18
1/8/22,77.68,81.78,88.43,81.41,67.46,51.22,24.69,28.48,74.33,78.5,85.72,78.69,63.88,46.62,20.03,20.9,3.38,5.16,9.4,10.38,11.75,9.17,2.97,0.19
1/9/22,77.85,81.97,88.58,81.55,67.61,51.4,24.87,28.52,74.38,78.55,85.75,78.73,63.91,46.65,20.06,20.91,3.55,5.38,9.76,10.7,11.9,9.26,2.99,0.2
1/10/22,78.02,82.18,88.79,81.79,68.03,52.01,25.47,28.57,74.43,78.6,85.8,78.78,63.99,46.73,20.14,20.93,3.75,5.67,10.23,11.18,12.22,9.52,3.08,0.21
1/11/22,78.18,82.37,88.99,82.02,68.44,52.6,26.08,28.62,74.48,78.64,85.84,78.83,64.04,46.82,20.23,20.94,3.93,5.96,10.68,11.62,12.57,9.8,3.15,0.23
1/12/22,78.34,82.58,89.17,82.23,68.81,53.14,26.61,28.68,74.5,78.66,85.86,78.85,64.09,46.88,20.3,20.98,4.11,6.24,11.12,12.06,12.9,10.05,3.22,0.24
1/13/22,78.51,82.8,89.36,82.44,69.16,53.65,27.14,28.82,74.55,78.71,85.9,78.9,64.16,46.96,20.4,21.04,4.29,6.56,11.61,12.52,13.22,10.27,3.29,0.25
1/14/22,78.7,83.06,89.6,82.68,69.51,54.13,27.59,28.95,74.6,78.76,85.95,78.96,64.22,47.04,20.47,21.11,4.48,6.85,12.08,12.96,13.53,10.49,3.36,0.27
1/15/22,78.87,83.29,89.81,82.87,69.77,54.45,27.9,29.02,74.67,78.82,86.0,79.01,64.27,47.08,20.52,21.15,4.62,7.09,12.46,13.29,13.72,10.63,3.4,0.29
1/16/22,79.02,83.46,89.95,83.0,69.91,54.59,28.03,29.07,74.71,78.86,86.04,79.04,64.3,47.1,20.54,21.18,4.8,7.35,12.82,13.59,13.86,10.71,3.43,0.29
1/17/22,79.19,83.67,90.15,83.21,70.26,55.07,28.49,29.13,74.75,78.9,86.06,79.08,64.35,47.16,20.6,21.22,4.97,7.64,13.28,14.04,14.2,10.96,3.51,0.3
1/18/22,79.34,83.85,90.32,83.4,70.58,55.5,28.91,29.19,74.79,78.93,86.1,79.11,64.4,47.22,20.67,21.24,5.12,7.92,13.73,14.47,14.52,11.2,3.58,0.32
1/19/22,79.49,84.04,90.49,83.6,70.87,55.9,29.31,29.26,74.81,78.95,86.12,79.14,64.44,47.28,20.73,21.27,5.29,8.22,14.17,14.89,14.82,11.44,3.64,0.33
1/20/22,79.65,84.25,90.66,83.79,71.15,56.3,29.73,29.47,74.86,78.99,86.16,79.19,64.51,47.38,20.83,21.34,5.46,8.53,14.65,15.35,15.12,11.65,3.71,0.34
1/21/22,79.85,84.53,90.93,84.04,71.5,56.74,30.19,29.69,74.9,79.05,86.21,79.24,64.58,47.46,20.91,21.41,5.65,8.86,15.17,15.84,15.44,11.88,3.78,0.36
1/22/22,80.03,84.76,91.14,84.22,71.73,57.03,30.46,29.84,74.98,79.14,86.28,79.31,64.65,47.52,20.95,21.47,5.82,9.13,15.59,16.21,15.65,12.01,3.82,0.38
1/23/22,80.19,84.93,91.28,84.34,71.86,57.17,30.59,30.02,75.06,79.22,86.34,79.37,64.71,47.57,20.99,21.5,6.02,9.43,16.0,16.54,15.83,12.11,3.85,0.39
1/24/22,80.38,85.16,91.49,84.56,72.19,57.61,31.05,30.23,75.13,79.29,86.41,79.44,64.83,47.73,21.09,21.53,6.23,9.74,16.48,17.03,16.22,12.38,3.96,0.41
1/25/22,80.55,85.37,91.69,84.77,72.5,58.0,31.46,30.45,75.21,79.38,86.48,79.52,64.98,47.91,21.23,21.57,6.4,10.03,16.95,17.49,16.56,12.64,4.03,0.43
1/26/22,80.73,85.57,91.87,84.96,72.75,58.32,31.86,30.67,75.3,79.48,86.56,79.61,65.12,48.08,21.37,21.63,6.62,10.38,17.47,18.0,16.91,12.89,4.1,0.44
1/27/22,80.9,85.76,92.03,85.12,72.98,58.6,32.15,30.97,75.39,79.6,86.65,79.7,65.26,48.26,21.52,21.74,6.89,10.79,18.09,18.57,17.27,13.13,4.17,0.47
1/28/22,81.08,85.97,92.23,85.31,73.23,58.91,32.45,31.24,75.52,79.76,86.78,79.81,65.42,48.44,21.67,21.84,7.15,11.19,18.68,19.09,17.6,13.35,4.24,0.5
1/29/22,81.24,86.16,92.38,85.46,73.41,59.11,32.64,31.42,75.68,79.92,86.91,79.93,65.53,48.57,21.77,21.91,7.41,11.57,19.2,19.52,17.81,13.46,4.28,0.52
1/30/22,81.4,86.32,92.5,85.56,73.5,59.19,32.71,31.47,75.8,80.05,87.0,80.03,65.64,48.66,21.86,21.92,7.66,11.98,19.69,19.89,17.97,13.54,4.3,0.52
1/31/22,81.42,86.35,92.55,85.61,73.57,59.27,32.8,81.42,75.81,80.07,87.03,80.08,65.74,48.81,21.99,75.81,7.68,12.01,19.75,19.96,18.02,13.57,4.31,7.68
2/1/22,86.35,92.55,85.61,73.57,59.27,32.8,31.47,81.42,80.07,87.03,80.08,65.74,48.81,21.99,21.92,75.81,12.01,19.75,19.96,18.02,13.57,4.31,0.52,7.68
2/2/22,86.35,92.55,85.61,73.57,59.27,32.8,31.63,81.53,80.07,87.03,80.08,65.74,48.81,21.99,21.96,75.83,12.01,19.75,19.96,18.02,13.57,4.31,0.54,7.88
2/3/22,86.47,92.66,85.72,73.68,59.36,32.86,31.77,81.66,80.09,87.05,80.09,65.76,48.84,22.02,22.02,76.03,12.29,20.14,20.27,18.19,13.66,4.33,0.56,8.1
2/4/22,86.65,92.83,85.9,73.99,59.69,33.14,31.91,81.8,80.33,87.27,80.33,66.17,49.42,22.51,22.1,76.2,12.62,20.61,20.73,18.52,13.85,4.39,0.58,8.32
2/5/22,86.8,92.98,86.07,74.23,59.99,33.41,32.05,81.92,80.54,87.45,80.52,66.45,49.77,22.81,22.17,76.34,12.95,21.07,21.15,18.81,14.01,4.44,0.6,8.55
2/6/22,86.94,93.11,86.19,74.37,60.14,33.53,32.3,82.08,80.7,87.59,80.66,66.62,49.97,22.99,22.24,76.5,13.32,21.55,21.54,19.04,14.14,4.47,0.62,8.84
2/7/22,87.15,93.32,86.44,74.82,60.78,34.12,32.56,82.25,80.92,87.81,80.91,67.08,50.62,23.62,22.32,76.63,13.73,22.18,22.14,19.54,14.5,4.58,0.64,9.11
2/8/22,87.36,93.56,86.75,75.36,61.56,34.86,32.83,82.47,81.12,88.01,81.17,67.56,51.35,24.31,22.38,76.77,14.14,22.78,22.81,20.08,14.92,4.7,0.66,9.41
2/9/22,87.67,93.9,87.18,76.19,62.75,35.93,33.06,82.7,81.3,88.19,81.38,67.94,51.92,24.89,22.42,76.92,14.57,23.4,23.4,20.57,15.25,4.8,0.68,9.72
2/10/22,88.01,94.25,87.64,77.01,63.98,37.07,33.3,82.95,81.53,88.39,81.61,68.34,52.51,25.46,22.5,77.11,15.01,24.05,24.04,21.06,15.62,4.9,0.71,10.01
2/11/22,88.4,94.64,88.12,77.84,65.2,38.2,33.56,83.16,81.82,88.68,81.9,68.78,53.12,26.01,22.61,77.32,15.47,24.71,24.68,21.57,15.98,5.01,0.73,10.27
2/12/22,88.69,94.95,88.45,78.37,65.93,38.94,33.75,83.33,82.09,88.93,82.12,69.08,53.52,26.39,22.7,77.44,15.9,25.32,25.23,21.95,16.23,5.09,0.76,10.56
2/13/22,88.91,95.14,88.64,78.64,66.23,39.24,34.21,83.59,82.25,89.07,82.24,69.24,53.71,26.57,22.76,77.56,16.34,25.91,25.72,22.24,16.37,5.13,0.78,10.85
2/14/22,89.25,95.48,89.09,79.41,67.29,40.33,34.96,83.84,82.41,89.24,82.45,69.6,54.24,27.06,22.82,77.72,16.83,26.61,26.43,22.8,16.79,5.25,0.8,11.16
2/15/22,89.59,95.81,89.48,80.06,68.24,41.35,35.89,84.11,82.62,89.44,82.66,69.97,54.75,27.56,22.88,77.87,17.34,27.31,27.11,23.35,17.19,5.38,0.82,11.47
2/16/22,89.97,96.15,89.88,80.7,69.19,42.34,36.92,84.4,82.82,89.62,82.88,70.3,55.23,28.05,22.93,78.04,17.86,28.03,27.83,23.95,17.61,5.5,0.84,11.8
2/17/22,90.35,96.48,90.26,81.29,70.03,43.23,38.11,84.68,83.02,89.81,83.09,70.62,55.67,28.49,23.06,78.23,18.43,28.8,28.56,24.49,17.98,5.61,0.86,12.14
2/18/22,90.73,96.83,90.65,81.89,70.86,44.14,39.1,84.91,83.29,90.09,83.35,70.98,56.14,28.95,23.23,78.44,19.0,29.6,29.33,25.06,18.36,5.72,0.89,12.43
2/19/22,91.05,97.1,90.91,82.25,71.33,44.75,39.73,85.14,83.56,90.34,83.58,71.25,56.45,29.28,23.35,78.59,19.49,30.26,29.9,25.43,18.58,5.79,0.91,12.71
2/20/22,91.29,97.28,91.06,82.41,71.52,44.93,40.51,85.5,83.73,90.48,83.7,71.38,56.57,29.4,23.46,78.68,19.95,30.82,30.37,25.7,18.72,5.83,0.93,13.04
2/21/22,91.72,97.6,91.45,82.92,72.13,45.56,41.34,85.85,83.86,90.61,83.85,71.61,56.89,29.72,23.58,78.75,20.48,31.52,31.07,26.24,19.09,5.94,0.95,13.33
2/22/22,92.16,97.96,91.88,83.5,72.88,46.4,42.24,86.25,83.96,90.72,83.98,71.83,57.21,30.04,23.71,78.81,20.96,32.17,31.71,26.76,19.45,6.05,0.97,13.67
2/23/22,92.65,98.37,92.33,84.15,73.75,47.32,43.29,86.63,84.05,90.81,84.09,72.01,57.47,30.35,23.84,78.9,21.51,32.84,32.37,27.32,19.88,6.19,1.0,14.07
2/24/22,93.09,98.72,92.69,84.66,74.46,48.29,44.38,86.86,84.17,90.94,84.22,72.21,57.75,30.66,24.05,79.02,22.12,33.62,33.1,27.88,20.3,6.33,1.03,14.46
2/25/22,93.42,99.0,92.97,85.09,75.11,49.21,45.44,87.03,84.34,91.12,84.42,72.46,58.08,31.01,24.36,79.19,22.78,34.53,33.91,28.5,20.76,6.47,1.06,14.83
2/26/22,93.64,99.17,93.14,85.37,75.56,49.92,46.2,87.19,84.55,91.32,84.61,72.69,58.34,31.26,24.56,79.29,23.4,35.35,34.59,29.01,21.14,6.62,1.09,15.2
2/27/22,93.82,99.31,93.25,85.53,75.77,50.21,47.07,87.42,84.68,91.44,84.71,72.8,58.45,31.37,24.67,79.39,23.97,36.04,35.12,29.42,21.41,6.71,1.12,15.6
2/28/22,94.09,99.53,93.5,85.92,76.34,51.07,47.9,87.6,84.81,91.56,84.85,73.02,58.72,31.63,24.76,79.47,24.62,36.83,35.9,30.18,22.1,6.97,1.16,16.03
3/1/22,94.31,99.72,93.74,86.24,76.8,51.84,48.72,87.75,84.91,91.66,84.96,73.19,58.93,31.81,24.83,79.56,25.24,37.61,36.65,30.91,22.76,7.22,1.19,16.49
3/2/22,94.49,99.88,93.93,86.52,77.21,52.47,49.52,87.89,85.01,91.75,85.06,73.36,59.13,31.99,24.91,79.67,25.85,38.35,37.39,31.62,23.37,7.44,1.22,16.97
3/3/22,94.66,100.02,94.1,86.76,77.58,53.13,50.48,88.01,85.14,91.86,85.19,73.56,59.37,32.19,25.03,79.8,26.55,39.19,38.2,32.36,23.98,7.68,1.26,17.45
3/4/22,94.81,100.15,94.23,86.97,77.92,53.7,51.56,88.09,85.33,92.04,85.36,73.81,59.69,32.47,25.23,79.94,27.27,40.11,39.02,33.08,24.57,7.94,1.31,17.89
3/5/22,94.93,100.24,94.32,87.11,78.16,54.18,52.46,88.16,85.52,92.22,85.53,74.04,59.97,32.71,25.4,80.05,27.93,40.96,39.75,33.81,25.24,8.28,1.36,18.31
3/6/22,95.02,100.31,94.39,87.19,78.29,54.43,53.29,88.26,85.65,92.33,85.63,74.17,60.12,32.85,25.55,80.15,28.54,41.68,40.35,34.36,25.65,8.5,1.4,18.73
3/7/22,95.14,100.41,94.52,87.38,78.6,55.04,54.04,88.36,85.79,92.49,85.82,74.51,60.57,33.28,25.72,80.26,29.14,42.41,41.11,35.29,26.63,8.99,1.44,19.14
3/8/22,95.26,100.51,94.64,87.53,78.86,55.58,54.64,88.44,85.94,92.64,86.02,74.86,61.08,33.77,25.88,80.38,29.71,43.13,41.81,36.13,27.4,9.41,1.48,19.55
3/9/22,95.36,100.59,94.73,87.66,79.06,56.04,55.21,88.52,86.11,92.82,86.26,75.3,61.73,34.39,26.04,80.51,30.28,43.81,42.47,36.79,28.03,9.75,1.52,20.01
3/10/22,95.44,100.66,94.81,87.78,79.27,56.51,55.73,88.58,86.3,93.02,86.53,75.77,62.45,35.08,26.23,80.68,30.9,44.55,43.18,37.45,28.58,10.08,1.66,20.43
3/11/22,95.51,100.72,94.89,87.89,79.46,56.91,56.27,88.63,86.55,93.28,86.84,76.3,63.21,35.84,26.49,80.85,31.52,45.33,43.92,38.13,29.15,10.36,1.88,20.82
3/12/22,95.57,100.77,94.94,87.96,79.59,57.18,56.67,88.68,86.8,93.52,87.09,76.65,63.67,36.33,26.68,80.97,32.07,46.01,44.52,38.64,29.56,10.59,2.1,21.19
3/13/22,95.62,100.8,94.97,88.01,79.67,57.33,57.08,88.74,86.96,93.64,87.22,76.82,63.88,36.56,26.97,81.12,32.56,46.6,45.03,39.07,29.87,10.75,2.25,21.59
3/14/22,95.68,100.86,95.04,88.1,79.83,57.69,57.44,88.79,87.16,93.85,87.51,77.29,64.58,37.25,27.39,81.26,33.07,47.21,45.62,39.65,30.39,11.03,2.4,21.94
3/15/22,95.74,100.91,95.1,88.19,79.98,58.05,57.72,88.84,87.36,94.06,87.78,77.74,65.24,37.97,27.84,81.41,33.53,47.79,46.2,40.21,30.88,11.27,2.55,22.32
3/16/22,95.79,100.95,95.16,88.26,80.12,58.32,57.99,88.89,87.57,94.27,88.04,78.16,65.89,38.61,28.38,81.58,34.01,48.35,46.75,40.71,31.32,11.51,2.7,22.74
3/17/22,95.85,101.0,95.21,88.33,80.23,58.54,58.25,88.93,87.8,94.48,88.29,78.56,66.48,39.23,29.07,81.77,34.54,48.94,47.33,41.18,31.7,11.71,2.84,23.11
3/18/22,95.9,101.04,95.26,88.4,80.35,58.76,58.47,88.97,88.1,94.75,88.59,79.0,67.11,39.91,29.68,81.96,35.07,49.59,47.93,41.67,32.08,11.92,3.03,23.47
3/19/22,95.95,101.08,95.29,88.44,80.44,58.92,58.64,89.0,88.38,94.99,88.83,79.29,67.48,40.33,30.02,82.09,35.57,50.17,48.43,42.07,32.35,12.07,3.21,23.82
3/20/22,95.99,101.1,95.31,88.47,80.47,58.99,58.82,89.04,88.54,95.11,88.95,79.43,67.63,40.51,30.55,82.26,36.01,50.66,48.84,42.35,32.53,12.16,3.36,24.24
3/21/22,96.04,101.14,95.37,88.54,80.6,59.21,59.01,89.1,88.76,95.32,89.21,79.81,68.17,41.07,31.07,82.4,36.5,51.24,49.45,42.9,33.0,12.41,3.53,24.62
3/22/22,96.09,101.18,95.42,88.62,80.73,59.45,59.19,89.13,88.95,95.51,89.46,80.2,68.71,41.66,31.57,82.53,36.96,51.78,50.03,43.41,33.42,12.65,3.68,25.0
3/23/22,96.13,101.22,95.46,88.67,80.82,59.6,59.34,89.17,89.14,95.69,89.68,80.54,69.24,42.25,32.17,82.67,37.41,52.29,50.57,43.84,33.75,12.81,3.82,25.47
3/24/22,96.18,101.25,95.5,88.73,80.91,59.76,59.51,89.22,89.32,95.86,89.88,80.85,69.71,42.86,32.89,82.84,37.96,52.87,51.13,44.24,34.03,12.97,3.98,25.93
3/25/22,96.22,101.29,95.54,88.78,80.99,59.95,59.68,89.25,89.57,96.09,90.12,81.19,70.2,43.49,33.55,82.99,38.55,53.54,51.75,44.67,34.32,13.12,4.17,26.37
3/26/22,96.27,101.32,95.56,88.82,81.06,60.08,59.79,89.28,89.78,96.27,90.29,81.42,70.56,43.97,34.0,83.08,39.1,54.16,52.29,45.04,34.55,13.25,4.34,26.74
3/27/22,96.3,101.34,95.58,88.84,81.09,60.13,59.91,89.31,89.9,96.35,90.37,81.53,70.7,44.15,34.58,83.2,39.54,54.63,52.69,45.29,34.71,13.33,4.48,27.11
3/28/22,96.33,101.36,95.61,88.88,81.17,60.29,60.01,89.35,90.05,96.49,90.54,81.82,71.14,44.78,35.13,83.3,39.94,55.06,53.14,45.66,35.02,13.51,4.6,27.4
3/29/22,96.37,101.39,95.64,88.93,81.25,60.46,60.11,89.37,90.18,96.62,90.7,82.06,71.51,45.31,35.69,83.4,40.26,55.42,53.51,45.99,35.29,13.69,4.71,27.68
3/30/22,96.4,101.41,95.66,88.97,81.33,60.64,60.21,89.41,90.31,96.74,90.84,82.29,71.86,45.85,36.24,83.5,40.57,55.74,53.85,46.28,35.55,13.86,4.81,28.03
3/31/22,96.43,101.44,95.69,89.03,81.42,60.81,60.32,89.44,90.44,96.85,90.98,82.48,72.17,46.32,36.83,83.61,40.95,56.1,54.21,46.56,35.8,14.02,4.95,28.44
4/1/22,96.47,101.46,95.72,89.07,81.5,60.96,60.44,89.47,90.58,96.98,91.1,82.65,72.43,46.77,37.45,83.71,41.42,56.57,54.62,46.84,36.02,14.16,5.13,28.82
4/2/22,96.5,101.48,95.74,89.09,81.54,61.09,60.52,89.49,90.72,97.09,91.21,82.79,72.65,47.12,37.8,83.78,41.87,57.04,55.01,47.1,36.19,14.27,5.28,29.09
4/3/22,96.52,101.49,95.75,89.11,81.56,61.16,60.62,89.52,90.79,97.15,91.27,82.86,72.75,47.27,38.33,83.86,42.18,57.33,55.23,47.24,36.29,14.33,5.39,29.37
4/4/22,96.55,101.52,95.77,89.15,81.64,61.34,60.66,89.54,90.9,97.25,91.39,83.04,73.04,47.75,38.5,83.91,42.48,57.62,55.51,47.5,36.52,14.49,5.49,29.54
4/5/22,96.57,101.53,95.78,89.16,81.66,61.4,60.74,89.56,90.95,97.28,91.43,83.1,73.12,47.87,39.01,83.97,42.64,57.77,55.63,47.58,36.58,14.52,5.58,29.78
4/6/22,96.59,101.55,95.8,89.2,81.74,61.59,60.83,89.58,91.03,97.36,91.52,83.24,73.35,48.31,39.52,84.04,42.88,57.99,55.87,47.78,36.78,14.69,5.65,30.05
4/7/22,96.62,101.56,95.82,89.24,81.81,61.79,60.93,89.61,91.11,97.43,91.61,83.35,73.55,48.67,40.12,84.12,43.16,58.23,56.12,47.99,36.99,14.83,5.75,30.34
4/8/22,96.65,101.59,95.85,89.28,81.9,62.01,61.05,89.63,91.22,97.53,91.71,83.49,73.77,49.03,40.63,84.2,43.49,58.55,56.42,48.24,37.21,14.99,5.88,30.62
4/9/22,96.68,101.61,95.87,89.31,81.95,62.16,61.14,89.65,91.33,97.61,91.79,83.59,73.95,49.32,40.92,84.25,43.8,58.84,56.66,48.43,37.38,15.1,5.98,30.81
4/10/22,96.69,101.62,95.88,89.32,81.98,62.25,61.26,89.67,91.4,97.65,91.83,83.64,74.03,49.45,41.38,84.32,44.02,59.04,56.81,48.53,37.45,15.14,6.07,31.05
4/11/22,96.72,101.64,95.91,89.37,82.07,62.53,61.4,89.69,91.47,97.72,91.91,83.76,74.23,49.78,41.77,84.38,44.25,59.25,57.03,48.76,37.67,15.3,6.14,31.26
4/12/22,96.74,101.66,95.93,89.41,82.15,62.81,61.54,89.72,91.55,97.78,91.98,83.87,74.4,50.1,42.14,84.45,44.46,59.43,57.22,48.95,37.87,15.44,6.21,31.57
4/13/22,96.77,101.68,95.95,89.45,82.25,63.17,61.71,89.75,91.62,97.83,92.05,83.95,74.55,50.37,42.58,84.53,44.74,59.66,57.44,49.12,38.02,15.53,6.31,31.95
4/14/22,96.81,101.71,95.98,89.51,82.35,63.53,61.85,89.78,91.72,97.92,92.13,84.06,74.71,50.68,42.85,84.59,45.12,59.99,57.74,49.34,38.2,15.66,6.44,32.27
4/15/22,96.83,101.72,96.0,89.54,82.4,63.77,61.95,89.8,91.79,97.97,92.17,84.11,74.8,50.84,43.1,84.65,45.44,60.27,57.99,49.52,38.3,15.72,6.55,32.52
4/16/22,96.86,101.74,96.01,89.56,82.44,63.88,62.06,89.82,91.86,98.02,92.21,84.17,74.87,50.96,43.38,84.71,45.67,60.5,58.16,49.64,38.38,15.77,6.64,32.73
4/17/22,96.88,101.75,96.02,89.57,82.46,63.93,62.17,89.84,91.92,98.06,92.24,84.2,74.92,51.04,43.58,84.76,45.87,60.67,58.29,49.73,38.43,15.8,6.72,32.92
4/18/22,96.89,101.76,96.03,89.58,82.49,64.0,62.32,89.87,91.97,98.09,92.27,84.24,74.98,51.13,43.95,84.83,46.02,60.79,58.38,49.81,38.49,15.84,6.78,33.13
4/19/22,96.92,101.78,96.05,89.63,82.58,64.24,62.46,89.9,92.04,98.16,92.35,84.35,75.18,51.51,44.23,84.89,46.2,60.94,58.54,49.97,38.65,15.99,6.83,33.32
4/20/22,96.95,101.8,96.08,89.67,82.66,64.43,62.58,89.93,92.11,98.22,92.41,84.44,75.31,51.75,44.45,84.95,46.36,61.07,58.67,50.11,38.78,16.09,6.88,33.54
4/21/22,96.98,101.82,96.1,89.72,82.74,64.61,62.72,89.96,92.18,98.27,92.47,84.52,75.44,51.97,44.81,85.02,46.56,61.22,58.83,50.24,38.91,16.22,6.94,33.8
4/22/22,97.01,101.85,96.13,89.77,82.83,64.82,62.87,90.0,92.26,98.34,92.54,84.62,75.59,52.23,45.25,85.1,46.81,61.42,59.01,50.41,39.05,16.31,7.03,34.02
4/23/22,97.05,101.87,96.15,89.8,82.88,64.99,62.95,90.02,92.35,98.41,92.6,84.69,75.71,52.45,45.51,85.16,47.01,61.59,59.15,50.52,39.14,16.4,7.08,34.18
4/24/22,97.07,101.88,96.16,89.81,82.91,65.04,63.04,90.05,92.4,98.45,92.63,84.72,75.75,52.52,45.72,85.23,47.15,61.7,59.24,50.58,39.18,16.43,7.12,34.38
4/25/22,97.1,101.9,96.18,89.86,82.99,65.26,63.12,90.07,92.47,98.5,92.69,84.81,75.89,52.75,45.92,85.29,47.32,61.84,59.38,50.73,39.34,16.55,7.15,34.55
4/26/22,97.12,101.92,96.21,89.9,83.1,65.51,63.2,90.1,92.54,98.56,92.75,84.89,76.01,52.96,46.07,85.36,47.45,61.96,59.51,50.87,39.49,16.67,7.2,34.73
4/27/22,97.15,101.94,96.23,89.94,83.18,65.76,63.27,90.12,92.61,98.61,92.81,84.98,76.14,53.21,46.25,85.46,47.61,62.08,59.63,50.99,39.61,16.78,7.23,35.06
4/28/22,97.17,101.95,96.25,89.98,83.27,66.01,63.38,90.15,92.7,98.68,92.88,85.07,76.26,53.46,46.6,85.61,47.92,62.27,59.8,51.14,39.75,16.92,7.29,35.38
4/29/22,97.21,101.98,96.27,90.02,83.37,66.28,63.51,90.18,92.86,98.8,92.99,85.19,76.42,53.74,47.15,85.82,48.21,62.5,60.02,51.36,39.98,17.06,7.38,35.66
4/30/22,97.24,102.0,96.29,90.05,83.42,66.41,63.57,90.2,93.05,98.94,93.1,85.33,76.58,53.95,47.59,85.95,48.48,62.74,60.25,51.55,40.13,17.15,7.44,35.86
5/1/22,97.26,102.01,96.3,90.06,83.44,66.43,63.62,90.21,93.15,99.0,93.15,85.38,76.64,54.02,47.84,86.06,48.67,62.9,60.4,51.67,40.2,17.2,7.47,36.02
5/2/22,97.27,102.02,96.31,90.08,83.47,66.52,63.67,90.23,93.22,99.04,93.19,85.43,76.7,54.09,48.04,86.18,48.78,62.99,60.51,51.76,40.27,17.25,7.5,36.25
5/3/22,97.29,102.04,96.33,90.11,83.55,66.73,63.72,90.26,93.33,99.13,93.28,85.57,76.91,54.42,48.21,86.27,48.98,63.16,60.7,51.97,40.49,17.42,7.53,36.48
5/4/22,97.31,102.05,96.34,90.15,83.64,66.97,63.77,90.28,93.41,99.19,93.34,85.66,77.07,54.72,48.4,86.35,49.19,63.35,60.87,52.15,40.69,17.59,7.57,36.87
5/5/22,97.33,102.07,96.37,90.18,83.71,67.18,63.86,90.3,93.48,99.25,93.4,85.74,77.2,54.98,48.8,86.46,49.55,63.6,61.09,52.36,40.92,17.77,7.67,37.31
5/6/22,97.35,102.09,96.39,90.22,83.79,67.36,63.96,90.33,93.58,99.32,93.46,85.83,77.34,55.23,49.39,86.54,49.93,63.94,61.38,52.6,41.17,17.98,7.81,37.76
5/7/22,97.38,102.1,96.4,90.24,83.85,67.51,64.01,90.34,93.65,99.37,93.51,85.89,77.44,55.46,49.8,86.6,50.32,64.26,61.63,52.79,41.34,18.12,7.9,38.09
5/8/22,97.39,102.11,96.41,90.25,83.86,67.54,64.04,90.35,93.7,99.4,93.53,85.91,77.47,55.52,50.01,86.64,50.62,64.5,61.79,52.9,41.42,18.2,7.96,38.39
5/9/22,97.4,102.12,96.42,90.26,83.88,67.61,64.08,90.38,93.73,99.42,93.54,85.94,77.51,55.63,50.18,86.71,50.84,64.66,61.91,53.02,41.53,18.31,8.02,38.77
5/10/22,97.42,102.13,96.44,90.29,83.96,67.86,64.12,90.39,93.78,99.46,93.6,86.02,77.66,55.97,50.32,86.75,51.12,64.88,62.14,53.32,41.95,18.7,8.09,39.11
5/11/22,97.44,102.14,96.45,90.32,84.02,68.0,64.15,90.4,93.82,99.49,93.63,86.07,77.75,56.16,50.47,86.8,51.38,65.08,62.33,53.54,42.2,18.97,8.14,39.55
5/12/22,97.45,102.16,96.46,90.33,84.05,68.07,64.23,90.42,93.86,99.52,93.66,86.13,77.83,56.33,50.78,86.85,51.73,65.32,62.56,53.76,42.44,19.17,8.27,40.06
5/13/22,97.47,102.17,96.48,90.35,84.1,68.16,64.33,90.44,93.91,99.56,93.7,86.18,77.9,56.49,51.26,86.9,52.16,65.65,62.84,54.05,42.75,19.42,8.43,40.54
5/14/22,97.49,102.18,96.49,90.37,84.15,68.31,64.37,90.45,93.97,99.6,93.73,86.22,77.97,56.65,51.51,86.94,52.55,65.96,63.09,54.27,42.96,19.61,8.55,40.95
5/15/22,97.5,102.19,96.49,90.38,84.16,68.34,64.41,90.47,94.0,99.61,93.74,86.24,78.0,56.72,51.63,86.98,52.83,66.16,63.24,54.38,43.06,19.7,8.66,41.39
5/16/22,97.52,102.2,96.51,90.41,84.23,68.51,64.45,90.48,94.03,99.64,93.77,86.29,78.09,56.9,51.74,87.02,53.13,66.41,63.49,54.7,43.46,20.04,8.74,41.76
5/17/22,97.54,102.21,96.52,90.44,84.3,68.7,64.48,90.5,94.07,99.66,93.81,86.35,78.19,57.13,51.84,87.05,53.36,66.63,63.73,55.03,43.89,20.48,8.83,42.12
5/18/22,97.55,102.22,96.54,90.46,84.37,68.87,64.52,90.51,94.1,99.69,93.83,86.39,78.28,57.31,51.95,87.09,53.62,66.86,63.98,55.35,44.32,20.85,8.92,42.6
5/19/22,97.56,102.24,96.55,90.48,84.43,69.04,64.61,90.53,94.14,99.72,93.86,86.45,78.38,57.53,52.25,87.14,53.97,67.14,64.24,55.67,44.71,21.23,9.11,43.18
5/20/22,97.59,102.25,96.57,90.51,84.49,69.17,64.7,90.55,94.19,99.76,93.91,86.52,78.49,57.76,52.63,87.19,54.48,67.57,64.63,56.08,45.15,21.6,9.37,43.83
5/21/22,97.6,102.26,96.58,90.52,84.53,69.25,64.75,90.56,94.24,99.79,93.94,86.56,78.57,57.94,52.84,87.22,54.96,68.0,64.98,56.39,45.46,21.87,9.55,44.4
5/22/22,97.61,102.26,96.58,90.53,84.54,69.28,64.78,90.58,94.26,99.8,93.95,86.58,78.6,57.99,52.94,87.25,55.32,68.3,65.21,56.57,45.59,21.98,9.69,45.02
5/23/22,97.63,102.28,96.6,90.56,84.61,69.45,64.81,90.59,94.29,99.83,93.99,86.64,78.71,58.26,53.02,87.29,55.72,68.63,65.54,56.98,46.08,22.36,9.82,45.55
5/24/22,97.64,102.29,96.62,90.59,84.67,69.58,64.84,90.6,94.33,99.85,94.01,86.69,78.82,58.52,53.11,87.32,56.07,68.91,65.81,57.32,46.47,22.69,9.95,46.11
5/25/22,97.65,102.3,96.63,90.62,84.72,69.7,64.87,90.61,94.35,99.88,94.04,86.74,78.92,58.8,53.2,87.35,56.44,69.2,66.1,57.64,46.84,23.02,10.09,46.86
5/26/22,97.67,102.31,96.64,90.64,84.76,69.8,64.94,90.62,94.39,99.91,94.07,86.79,79.03,59.09,53.43,87.39,56.94,69.59,66.45,58.03,47.25,23.36,10.34,47.68
5/27/22,97.68,102.32,96.65,90.66,84.8,69.89,65.01,90.64,94.43,99.94,94.11,86.85,79.13,59.3,53.75,87.42,57.61,70.15,66.91,58.49,47.69,23.67,10.67,48.57
5/28/22,97.69,102.33,96.66,90.68,84.84,69.96,65.05,90.65,94.46,99.97,94.14,86.89,79.22,59.51,53.92,87.45,58.28,70.72,67.41,58.92,48.03,23.94,10.95,49.61
5/29/22,97.7,102.33,96.67,90.68,84.85,69.97,65.09,90.66,94.49,99.99,94.15,86.91,79.25,59.56,54.0,87.48,58.89,71.17,67.75,59.18,48.21,24.06,11.24,50.88
5/30/22,97.72,102.34,96.68,90.71,84.9,70.08,65.12,90.67,94.52,100.01,94.18,86.97,79.37,59.85,54.1,87.51,59.7,71.82,68.36,59.9,48.95,24.57,11.62,52.36
5/31/22,97.73,102.35,96.7,90.73,84.94,70.17,65.15,90.69,94.55,100.04,94.21,87.02,79.48,60.18,54.18,87.54,60.61,72.55,68.97,60.53,49.53,24.96,11.89,53.2
6/1/22,97.75,102.36,96.71,90.76,84.99,70.3,65.24,90.7,94.57,100.06,94.24,87.07,79.58,60.43,54.36,87.57,61.13,72.94,69.29,60.88,49.87,25.25,12.25,53.9
6/2/22,97.76,102.38,96.72,90.78,85.04,70.39,65.31,90.71,94.61,100.09,94.27,87.12,79.68,60.66,54.52,87.59,61.61,73.31,69.6,61.17,50.18,25.48,12.57,54.43
6/3/22,97.77,102.38,96.73,90.79,85.05,70.41,65.39,90.72,94.62,100.1,94.28,87.14,79.72,60.77,54.74,87.63,61.97,73.53,69.76,61.3,50.27,25.53,13.01,55.11
6/4/22,97.79,102.39,96.74,90.81,85.08,70.48,65.43,90.74,94.66,100.13,94.31,87.18,79.81,60.94,54.86,87.65,62.43,73.89,70.03,61.54,50.5,25.74,13.34,55.63
6/5/22,97.8,102.4,96.75,90.81,85.09,70.49,65.46,90.75,94.68,100.14,94.32,87.2,79.83,60.98,54.94,87.68,62.77,74.15,70.21,61.67,50.61,25.82,13.49,56.02
6/6/22,97.82,102.41,96.76,90.84,85.13,70.56,65.49,90.77,94.71,100.16,94.35,87.26,79.95,61.23,55.0,87.7,63.04,74.37,70.42,61.94,50.95,26.09,13.61,56.3
6/7/22,97.83,102.42,96.77,90.86,85.17,70.61,65.51,90.78,94.73,100.19,94.38,87.31,80.04,61.38,55.06,87.73,63.25,74.55,70.58,62.15,51.23,26.36,13.7,56.5
6/8/22,97.84,102.43,96.78,90.88,85.19,70.67,65.53,90.79,94.75,100.21,94.4,87.35,80.12,61.55,55.11,87.75,63.41,74.68,70.71,62.34,51.5,26.61,13.78,56.69
6/9/22,97.85,102.44,96.79,90.89,85.22,70.71,65.6,90.8,94.78,100.23,94.42,87.38,80.19,61.7,55.28,87.77,63.57,74.82,70.85,62.57,51.86,26.95,13.94,56.89
6/10/22,97.86,102.45,96.81,90.92,85.26,70.8,65.67,90.82,94.81,100.25,94.45,87.44,80.3,61.91,55.5,87.81,63.77,75.0,71.02,62.84,52.29,27.37,14.16,57.14
6/11/22,97.88,102.46,96.82,90.93,85.3,70.87,65.71,90.83,94.85,100.28,94.48,87.5,80.41,62.16,55.61,87.83,63.99,75.2,71.18,63.06,52.59,27.68,14.27,57.3
6/12/22,97.89,102.46,96.82,90.94,85.3,70.88,65.73,90.84,94.87,100.29,94.49,87.52,80.44,62.2,55.67,87.86,64.15,75.32,71.27,63.17,52.71,27.78,14.33,57.44
6/13/22,97.9,102.47,96.84,90.96,85.35,70.98,65.75,90.85,94.9,100.32,94.52,87.6,80.59,62.5,55.72,87.88,64.28,75.46,71.42,63.45,53.18,28.27,14.38,57.56
6/14/22,97.91,102.48,96.85,90.98,85.39,71.06,65.77,90.86,94.92,100.34,94.55,87.66,80.72,62.76,55.77,87.9,64.39,75.56,71.54,63.69,53.57,28.72,14.45,57.68
6/15/22,97.92,102.49,96.86,91.0,85.43,71.14,65.79,90.87,94.94,100.36,94.58,87.72,80.85,62.99,55.84,87.92,64.5,75.67,71.66,63.93,53.98,29.18,14.51,57.79
6/16/22,97.93,102.5,96.87,91.03,85.47,71.23,65.84,90.88,94.97,100.38,94.62,87.79,81.0,63.28,55.97,87.94,64.61,75.78,71.78,64.19,54.41,29.65,14.63,57.91
6/17/22,97.95,102.51,96.88,91.05,85.51,71.31,65.9,90.9,95.01,100.42,94.66,87.86,81.14,63.55,56.15,87.96,64.75,75.92,71.93,64.47,54.85,30.14,14.78,58.07
6/18/22,97.96,102.52,96.89,91.06,85.54,71.37,65.92,90.91,95.04,100.44,94.69,87.91,81.25,63.72,56.23,87.98,64.91,76.07,72.07,64.68,55.15,30.5,14.85,58.17
6/19/22,97.97,102.52,96.89,91.07,85.55,71.38,65.94,90.92,95.06,100.46,94.7,87.93,81.28,63.76,56.29,88.0,65.02,76.15,72.14,64.76,55.24,30.59,14.91,58.27
6/20/22,97.98,102.53,96.9,91.08,85.59,71.47,65.96,90.93,95.08,100.48,94.74,88.01,81.42,64.04,56.33,88.02,65.12,76.25,72.26,65.0,55.63,31.01,14.96,58.35
6/21/22,97.99,102.54,96.91,91.1,85.62,71.53,65.97,90.94,95.1,100.5,94.76,88.07,81.52,64.23,56.37,88.03,65.21,76.34,72.37,65.21,55.97,31.41,15.01,58.43
6/22/22,98.0,102.54,96.92,91.11,85.65,71.57,65.99,90.95,95.12,100.52,94.79,88.11,81.62,64.41,56.41,88.05,65.29,76.42,72.47,65.4,56.3,31.81,15.06,58.51
6/23/22,98.01,102.55,96.93,91.12,85.68,71.65,66.02,90.96,95.14,100.54,94.81,88.16,81.73,64.62,56.5,88.06,65.37,76.51,72.58,65.62,56.66,32.25,15.17,58.6
6/24/22,98.02,102.56,96.93,91.14,85.7,71.71,66.07,90.97,95.16,100.56,94.84,88.21,81.83,64.8,56.64,88.08,65.49,76.62,72.7,65.83,56.99,32.66,15.31,58.71
6/25/22,98.03,102.56,96.94,91.15,85.73,71.76,66.08,90.97,95.18,100.58,94.87,88.26,81.91,64.96,56.7,88.1,65.62,76.74,72.82,66.0,57.24,33.0,15.36,58.79
6/26/22,98.04,102.57,96.94,91.15,85.73,71.77,66.1,90.98,95.2,100.59,94.88,88.28,81.94,65.0,56.74,88.11,65.69,76.81,72.87,66.08,57.34,33.11,15.43,58.86
6/27/22,98.05,102.57,96.95,91.17,85.76,71.82,66.11,90.99,95.21,100.61,94.9,88.33,82.04,65.16,56.78,88.13,65.77,76.9,72.97,66.27,57.67,33.54,15.48,58.93
6/28/22,98.05,102.58,96.96,91.18,85.78,71.86,66.13,91.0,95.23,100.63,94.92,88.38,82.12,65.3,56.82,88.14,65.84,76.98,73.07,66.46,58.0,33.93,15.53,59.0
6/29/22,98.06,102.58,96.96,91.19,85.8,71.9,66.17,91.01,95.25,100.64,94.94,88.42,82.2,65.48,56.92,88.16,65.92,77.05,73.16,66.62,58.27,34.34,15.67,59.1
6/30/22,98.07,102.59,96.97,91.2,85.82,71.96,66.19,91.01,95.27,100.66,94.97,88.47,82.3,65.68,56.97,88.17,66.05,77.17,73.29,66.83,58.59,34.81,15.73,59.18
7/1/22,98.08,102.59,96.97,91.2,85.82,71.97,66.19,91.01,95.29,100.67,94.98,88.49,82.32,65.72,56.97,88.17,66.13,77.23,73.34,66.89,58.65,34.9,15.73,59.18
7/2/22,98.08,102.59,96.97,91.2,85.82,71.97,66.21,91.02,95.29,100.67,94.98,88.49,82.32,65.72,57.04,88.19,66.13,77.23,73.34,66.89,58.65,34.9,15.8,59.27
7/3/22,98.08,102.6,96.98,91.21,85.83,71.97,66.22,91.03,95.3,100.68,94.99,88.51,82.35,65.76,57.08,88.21,66.22,77.31,73.41,66.97,58.76,35.02,15.87,59.35
7/4/22,98.09,102.6,96.98,91.22,85.85,72.03,66.24,91.04,95.32,100.7,95.01,88.55,82.46,65.95,57.12,88.22,66.3,77.38,73.5,67.16,59.07,35.44,15.93,59.4
7/5/22,98.1,102.61,96.99,91.23,85.87,72.06,66.26,91.04,95.34,100.71,95.03,88.59,82.52,66.08,57.16,88.23,66.36,77.45,73.57,67.31,59.32,35.77,16.02,59.47
7/6/22,98.11,102.61,97.0,91.24,85.89,72.09,66.27,91.05,95.35,100.73,95.04,88.62,82.58,66.16,57.2,88.24,66.42,77.51,73.64,67.44,59.54,36.08,16.08,59.53
7/7/22,98.11,102.61,97.0,91.25,85.9,72.12,66.32,91.06,95.36,100.74,95.06,88.65,82.64,66.27,57.3,88.26,66.49,77.57,73.71,67.58,59.77,36.41,16.27,59.6
7/8/22,98.12,102.62,97.01,91.26,85.93,72.18,66.37,91.07,95.38,100.75,95.08,88.69,82.72,66.42,57.41,88.27,66.58,77.67,73.8,67.75,60.05,36.77,16.47,59.69
7/9/22,98.13,102.63,97.01,91.27,85.94,72.19,66.38,91.07,95.4,100.77,95.1,88.72,82.77,66.5,57.46,88.28,66.68,77.76,73.88,67.88,60.24,37.05,16.52,59.76
7/10/22,98.14,102.63,97.02,91.27,85.94,72.2,66.4,91.08,95.41,100.78,95.1,88.73,82.79,66.52,57.5,88.29,66.74,77.81,73.92,67.93,60.3,37.13,16.6,59.82
7/11/22,98.14,102.63,97.02,91.28,85.96,72.25,66.42,91.08,95.43,100.79,95.12,88.76,82.87,66.68,57.55,88.3,66.8,77.87,74.0,68.08,60.55,37.45,16.68,59.88
7/12/22,98.15,102.64,97.03,91.29,85.98,72.27,66.43,91.09,95.44,100.8,95.13,88.79,82.92,66.77,57.58,88.31,66.86,77.93,74.07,68.22,60.78,37.74,16.75,59.93
7/13/22,98.16,102.64,97.03,91.3,85.99,72.31,66.45,91.1,95.45,100.81,95.14,88.82,82.98,66.88,57.63,88.33,66.92,77.99,74.13,68.33,60.96,38.01,16.83,59.99
7/14/22,98.16,102.65,97.03,91.31,86.01,72.35,66.48,91.1,95.46,100.82,95.16,88.84,83.03,66.99,57.72,88.34,66.98,78.05,74.19,68.44,61.15,38.27,17.0,60.06
7/15/22,98.17,102.65,97.04,91.32,86.03,72.4,66.54,91.11,95.48,100.83,95.17,88.88,83.09,67.1,57.84,88.35,67.06,78.14,74.28,68.58,61.36,38.54,17.22,60.14
7/16/22,98.18,102.66,97.05,91.33,86.04,72.43,66.55,91.12,95.5,100.85,95.19,88.9,83.14,67.21,57.89,88.36,67.16,78.23,74.36,68.68,61.49,38.73,17.3,60.19
7/17/22,98.18,102.66,97.05,91.33,86.05,72.44,66.57,91.13,95.51,100.85,95.19,88.91,83.15,67.23,57.93,88.37,67.22,78.28,74.4,68.73,61.55,38.81,17.39,60.25
7/18/22,98.19,102.66,97.05,91.34,86.06,72.47,66.59,91.13,95.52,100.87,95.21,88.94,83.22,67.37,57.98,88.38,67.28,78.34,74.47,68.85,61.74,39.05,17.51,60.3
7/19/22,98.2,102.67,97.06,91.35,86.07,72.5,66.61,91.14,95.53,100.88,95.22,88.96,83.26,67.46,58.01,88.39,67.34,78.39,74.54,68.97,61.93,39.34,17.59,60.35
7/20/22,98.2,102.67,97.06,91.36,86.09,72.53,66.63,91.15,95.54,100.89,95.23,88.99,83.31,67.55,58.05,88.4,67.4,78.45,74.6,69.08,62.1,39.6,17.67,60.4
7/21/22,98.21,102.68,97.07,91.36,86.1,72.55,66.67,91.15,95.55,100.9,95.24,89.01,83.35,67.61,58.14,88.41,67.47,78.51,74.66,69.19,62.26,39.83,17.82,60.47
7/22/22,98.21,102.68,97.07,91.37,86.12,72.57,66.71,91.16,95.56,100.91,95.25,89.03,83.39,67.67,58.23,88.42,67.56,78.59,74.75,69.34,62.47,40.11,18.01,60.56
7/23/22,98.22,102.69,97.08,91.38,86.12,72.59,66.73,91.17,95.58,100.92,95.26,89.05,83.42,67.71,58.27,88.43,67.68,78.69,74.84,69.45,62.62,40.29,18.08,60.62
7/24/22,98.23,102.69,97.08,91.38,86.12,72.59,66.75,91.17,95.59,100.93,95.27,89.05,83.43,67.73,58.32,88.44,67.74,78.74,74.88,69.5,62.67,40.35,18.18,60.68
7/25/22,98.23,102.69,97.08,91.39,86.14,72.62,66.77,91.18,95.6,100.94,95.28,89.08,83.48,67.8,58.36,88.45,67.81,78.81,74.95,69.65,62.89,40.62,18.25,60.74
7/26/22,98.24,102.7,97.09,91.4,86.15,72.64,66.79,91.18,95.61,100.94,95.29,89.1,83.52,67.87,58.4,88.46,67.87,78.87,75.02,69.78,63.08,40.87,18.36,60.8
7/27/22,98.24,102.7,97.09,91.4,86.16,72.66,66.81,91.19,95.62,100.95,95.3,89.12,83.56,67.96,58.44,88.47,67.94,78.93,75.09,69.9,63.27,41.16,18.46,60.86
7/28/22,98.25,102.7,97.1,91.41,86.18,72.68,66.85,91.2,95.64,100.96,95.31,89.14,83.6,68.07,58.52,88.48,68.01,79.0,75.17,70.03,63.47,41.43,18.64,60.95
7/29/22,98.26,102.71,97.1,91.42,86.19,72.71,66.88,91.2,95.65,100.98,95.33,89.17,83.64,68.15,58.6,88.49,68.11,79.09,75.27,70.18,63.67,41.71,18.8,61.05
7/30/22,98.26,102.72,97.11,91.43,86.2,72.72,66.9,91.21,95.67,100.99,95.34,89.18,83.67,68.18,58.64,88.5,68.23,79.2,75.36,70.31,63.83,41.9,18.87,61.11
7/31/22,98.27,102.72,97.11,91.43,86.2,72.72,66.92,91.21,95.67,101.0,95.34,89.19,83.67,68.19,58.68,88.51,68.31,79.26,75.41,70.37,63.88,41.95,18.95,61.18
8/1/22,98.28,102.72,97.11,91.44,86.21,72.74,66.95,91.22,95.68,101.0,95.35,89.21,83.71,68.24,58.72,88.52,68.39,79.33,75.5,70.52,64.09,42.18,19.03,61.24
8/2/22,98.28,102.73,97.12,91.45,86.22,72.76,66.97,91.23,95.7,101.01,95.36,89.23,83.74,68.3,58.75,88.53,68.46,79.4,75.58,70.67,64.29,42.44,19.11,61.31
8/3/22,98.29,102.73,97.12,91.46,86.23,72.79,67.01,91.23,95.71,101.02,95.37,89.25,83.78,68.37,58.79,88.55,68.53,79.47,75.67,70.81,64.5,42.73,19.18,61.38
8/4/22,98.29,102.73,97.12,91.46,86.25,72.81,67.08,91.24,95.72,101.03,95.38,89.27,83.82,68.44,58.85,88.56,68.63,79.56,75.78,70.98,64.73,43.0,19.3,61.48
8/5/22,98.3,102.74,97.13,91.47,86.26,72.83,67.17,91.25,95.74,101.04,95.4,89.29,83.86,68.52,58.94,88.58,68.76,79.69,75.92,71.17,64.98,43.27,19.46,61.62
8/6/22,98.31,102.75,97.13,91.48,86.26,72.84,67.22,91.25,95.76,101.06,95.41,89.31,83.88,68.55,58.98,88.59,68.93,79.84,76.07,71.34,65.17,43.46,19.56,61.71
8/7/22,98.32,102.75,97.14,91.48,86.27,72.85,67.28,91.26,95.77,101.06,95.42,89.32,83.89,68.57,59.04,88.6,69.03,79.92,76.15,71.42,65.25,43.54,19.68,61.81
8/8/22,98.33,102.75,97.14,91.49,86.28,72.87,67.33,91.27,95.78,101.08,95.43,89.34,83.93,68.62,59.09,88.61,69.14,80.03,76.29,71.64,65.56,43.84,19.79,61.89
8/9/22,98.33,102.76,97.15,91.5,86.29,72.88,67.37,91.27,95.79,101.09,95.44,89.36,83.96,68.66,59.12,88.62,69.23,80.12,76.4,71.81,65.77,44.09,19.87,61.96
8/10/22,98.34,102.76,97.15,91.5,86.3,72.9,67.42,91.28,95.8,101.1,95.46,89.38,83.99,68.69,59.17,88.63,69.31,80.21,76.51,71.97,65.98,44.35,19.97,62.04
8/11/22,98.35,102.77,97.16,91.51,86.31,72.92,67.49,91.29,95.82,101.11,95.47,89.4,84.02,68.75,59.23,88.65,69.42,80.3,76.62,72.12,66.2,44.64,20.11,62.16
8/12/22,98.36,102.77,97.16,91.52,86.33,72.94,67.57,91.3,95.84,101.12,95.48,89.43,84.06,68.82,59.32,88.67,69.57,80.44,76.78,72.32,66.43,44.91,20.27,62.31
8/13/22,98.37,102.78,97.17,91.53,86.34,72.95,67.63,91.3,95.86,101.14,95.5,89.45,84.09,68.85,59.37,88.68,69.74,80.59,76.94,72.51,66.63,45.14,20.38,62.41
8/14/22,98.37,102.78,97.17,91.53,86.34,72.96,67.73,91.31,95.87,101.15,95.5,89.46,84.1,68.87,59.46,88.7,69.85,80.69,77.03,72.59,66.7,45.23,20.57,62.51
8/15/22,98.38,102.79,97.18,91.55,86.36,72.98,67.86,91.32,95.89,101.16,95.52,89.49,84.15,68.93,59.56,88.72,69.96,80.8,77.18,72.81,67.01,45.57,20.74,62.6
8/16/22,98.39,102.79,97.18,91.56,86.38,73.01,67.96,91.33,95.9,101.17,95.53,89.52,84.19,68.98,59.63,88.73,70.07,80.9,77.31,73.02,67.29,45.93,20.9,62.68
8/17/22,98.4,102.8,97.19,91.57,86.39,73.02,68.06,91.33,95.92,101.18,95.54,89.54,84.22,69.03,59.71,88.74,70.16,80.99,77.43,73.19,67.51,46.21,21.06,62.77
8/18/22,98.41,102.8,97.19,91.58,86.41,73.05,68.18,91.34,95.93,101.2,95.56,89.56,84.27,69.11,59.79,88.76,70.28,81.1,77.58,73.39,67.8,46.55,21.24,62.88
8/19/22,98.42,102.81,97.2,91.59,86.42,73.07,68.31,91.35,95.96,101.21,95.58,89.59,84.31,69.18,59.89,88.78,70.42,81.23,77.73,73.6,68.07,46.84,21.46,63.03
8/20/22,98.43,102.81,97.21,91.59,86.44,73.09,68.4,91.36,95.98,101.24,95.6,89.62,84.35,69.23,59.97,88.8,70.61,81.38,77.91,73.79,68.27,47.1,21.64,63.13
8/21/22,98.43,102.81,97.21,91.6,86.44,73.1,68.51,91.37,96.0,101.25,95.6,89.63,84.36,69.24,60.06,88.82,70.72,81.48,78.02,73.89,68.36,47.19,21.85,63.23
8/22/22,98.44,102.82,97.21,91.61,86.46,73.13,68.6,91.37,96.01,101.26,95.62,89.67,84.41,69.31,60.14,88.83,70.82,81.59,78.17,74.12,68.66,47.52,22.03,63.32
8/23/22,98.45,102.82,97.22,91.62,86.48,73.15,68.68,91.38,96.03,101.28,95.64,89.7,84.45,69.37,60.23,88.85,70.92,81.69,78.29,74.31,68.91,47.87,22.21,63.41
8/24/22,98.46,102.83,97.23,91.63,86.5,73.18,68.73,91.39,96.05,101.29,95.66,89.72,84.5,69.42,60.28,88.86,71.03,81.79,78.42,74.49,69.15,48.22,22.31,63.47
8/25/22,98.46,102.83,97.23,91.63,86.5,73.19,68.84,91.4,96.07,101.3,95.67,89.74,84.51,69.44,60.38,88.88,71.09,81.86,78.52,74.61,69.27,48.36,22.55,63.59
8/26/22,98.48,102.84,97.24,91.65,86.52,73.22,68.97,91.41,96.1,101.33,95.69,89.78,84.56,69.5,60.51,88.92,71.24,82.01,78.71,74.84,69.56,48.7,22.82,63.76
8/27/22,98.49,102.85,97.24,91.66,86.54,73.24,69.05,91.43,96.13,101.35,95.72,89.82,84.62,69.56,60.61,88.95,71.43,82.2,78.92,75.07,69.79,49.0,23.03,63.89
8/28/22,98.5,102.86,97.25,91.66,86.55,73.25,69.16,91.44,96.16,101.37,95.74,89.84,84.64,69.59,60.77,88.97,71.56,82.32,79.05,75.19,69.91,49.1,23.37,64.0
8/29/22,98.51,102.86,97.26,91.68,86.57,73.29,69.27,91.45,96.18,101.39,95.76,89.89,84.72,69.67,60.91,88.99,71.69,82.46,79.24,75.46,70.27,49.51,23.66,64.11
8/30/22,98.52,102.87,97.26,91.69,86.6,73.33,69.34,91.46,96.21,101.42,95.79,89.93,84.78,69.76,61.0,89.01,71.81,82.59,79.42,75.7,70.58,49.94,23.89,64.22
8/31/22,98.54,102.88,97.27,91.7,86.62,73.36,69.4,91.47,96.23,101.44,95.81,89.97,84.84,69.83,61.06,89.05,71.92,82.7,79.59,75.93,70.88,50.38,24.04,64.36
9/1/22,98.55,102.89,97.28,91.72,86.64,73.39,69.52,91.49,96.27,101.46,95.84,90.02,84.9,69.9,61.2,89.08,72.08,82.86,79.8,76.19,71.29,50.81,24.37,64.53
9/2/22,98.57,102.9,97.29,91.74,86.67,73.43,69.65,91.51,96.31,101.5,95.88,90.07,84.97,69.97,61.41,89.14,72.28,83.07,80.07,76.53,71.69,51.21,24.8,64.76
9/3/22,98.59,102.91,97.3,91.75,86.68,73.45,69.71,91.53,96.38,101.54,95.92,90.13,85.03,70.02,61.51,89.17,72.53,83.32,80.37,76.83,71.98,51.49,25.02,64.93
9/4/22,98.6,102.92,97.31,91.76,86.69,73.46,69.76,91.54,96.42,101.57,95.94,90.15,85.05,70.04,61.58,89.22,72.7,83.49,80.55,77.0,72.11,51.58,25.19,65.09
9/5/22,98.62,102.93,97.32,91.78,86.72,73.49,69.81,91.56,96.47,101.6,95.98,90.21,85.13,70.11,61.65,89.25,72.89,83.68,80.84,77.37,72.53,51.94,25.35,65.24
9/6/22,98.64,102.94,97.33,91.8,86.75,73.53,69.86,91.58,96.51,101.64,96.02,90.27,85.19,70.17,61.71,89.29,73.06,83.86,81.12,77.7,72.89,52.32,25.49,65.39
9/7/22,98.65,102.95,97.34,91.81,86.76,73.56,69.91,91.6,96.56,101.67,96.05,90.32,85.25,70.23,61.78,89.34,73.23,84.04,81.37,77.96,73.18,52.63,25.64,65.58
9/8/22,98.68,102.96,97.35,91.83,86.79,73.59,70.04,91.63,96.62,101.71,96.09,90.38,85.3,70.28,61.96,89.39,73.44,84.25,81.63,78.23,73.48,52.99,26.02,65.8
9/9/22,98.71,102.98,97.37,91.85,86.81,73.61,70.18,91.65,96.69,101.77,96.13,90.44,85.36,70.33,62.15,89.45,73.69,84.53,81.94,78.52,73.78,53.28,26.45,66.06
9/10/22,98.73,102.99,97.38,91.86,86.82,73.62,70.27,91.66,96.76,101.82,96.17,90.48,85.39,70.36,62.28,89.49,73.97,84.81,82.2,78.72,73.93,53.43,26.72,66.25
9/11/22,98.75,103.0,97.38,91.87,86.83,73.63,70.32,91.68,96.8,101.85,96.2,90.51,85.42,70.37,62.35,89.53,74.2,85.04,82.41,78.88,74.05,53.51,26.89,66.41
9/12/22,98.76,103.01,97.39,91.88,86.84,73.64,70.38,91.7,96.83,101.87,96.22,90.53,85.44,70.39,62.44,89.59,74.34,85.19,82.56,79.02,74.17,53.62,27.07,66.62
9/13/22,98.78,103.02,97.4,91.9,86.87,73.67,70.44,91.72,96.9,101.91,96.27,90.61,85.54,70.47,62.51,89.63,74.59,85.46,82.89,79.41,74.63,54.04,27.21,66.79
9/14/22,98.79,103.03,97.41,91.92,86.89,73.7,70.5,91.73,96.95,101.94,96.3,90.67,85.6,70.52,62.59,89.67,74.8,85.68,83.14,79.69,74.95,54.41,27.38,66.96
9/15/22,98.81,103.04,97.43,91.93,86.91,73.73,70.65,91.75,96.99,101.97,96.34,90.72,85.66,70.58,62.77,89.71,75.0,85.89,83.39,79.97,75.3,54.8,27.83,67.14
9/16/22,98.83,103.05,97.43,91.95,86.93,73.76,70.83,91.77,97.05,102.01,96.37,90.77,85.72,70.64,63.03,89.76,75.25,86.15,83.64,80.25,75.63,55.16,28.42,67.36
9/17/22,98.85,103.06,97.44,91.96,86.94,73.78,70.9,91.78,97.11,102.05,96.41,90.81,85.77,70.69,63.15,89.79,75.51,86.41,83.89,80.47,75.89,55.43,28.67,67.51
9/18/22,98.86,103.07,97.45,91.97,86.95,73.79,70.95,91.8,97.14,102.07,96.42,90.83,85.78,70.7,63.23,89.83,75.67,86.56,84.02,80.58,75.98,55.51,28.86,67.66
9/19/22,98.87,103.07,97.46,91.98,86.97,73.81,71.0,91.81,97.17,102.1,96.45,90.87,85.84,70.76,63.3,89.86,75.86,86.74,84.25,80.84,76.31,55.87,29.02,67.78
9/20/22,98.88,103.08,97.46,92.0,86.99,73.84,71.04,91.82,97.2,102.12,96.47,90.91,85.88,70.8,63.36,89.88,76.01,86.89,84.41,81.05,76.58,56.17,29.16,67.89
9/21/22,98.89,103.09,97.47,92.01,87.0,73.86,71.1,91.83,97.22,102.14,96.49,90.94,85.92,70.84,63.43,89.9,76.14,87.02,84.57,81.22,76.8,56.45,29.38,68.02
9/22/22,98.9,103.09,97.47,92.02,87.02,73.88,71.23,91.84,97.25,102.15,96.51,90.96,85.95,70.89,63.6,89.93,76.29,87.16,84.72,81.4,77.03,56.73,29.83,68.16
9/23/22,98.92,103.1,97.48,92.03,87.04,73.91,71.39,91.85,97.28,102.18,96.53,90.99,85.99,70.93,63.81,89.96,76.46,87.34,84.88,81.59,77.27,57.05,30.4,68.33
9/24/22,98.93,103.11,97.49,92.03,87.05,73.92,71.46,91.86,97.32,102.2,96.55,91.01,86.02,70.97,63.9,89.98,76.66,87.52,85.04,81.74,77.45,57.29,30.64,68.43
9/25/22,98.94,103.11,97.49,92.04,87.05,73.93,71.52,91.86,97.33,102.21,96.56,91.02,86.03,70.98,63.97,89.99,76.77,87.63,85.13,81.82,77.53,57.36,30.81,68.55
9/26/22,98.94,103.12,97.49,92.05,87.07,73.95,71.58,91.87,97.35,102.23,96.58,91.05,86.07,71.02,64.04,90.01,76.89,87.75,85.26,81.98,77.76,57.64,30.99,68.65
9/27/22,98.95,103.12,97.5,92.05,87.08,73.97,71.64,91.88,97.37,102.24,96.59,91.07,86.1,71.07,64.11,90.02,77.0,87.85,85.36,82.13,77.97,57.95,31.18,68.75
9/28/22,98.96,103.13,97.5,92.06,87.09,73.99,71.73,91.88,97.38,102.25,96.61,91.09,86.13,71.11,64.2,90.04,77.11,87.96,85.47,82.26,78.16,58.23,31.41,68.86
9/29/22,98.97,103.13,97.51,92.07,87.1,74.01,71.94,91.89,97.4,102.27,96.62,91.11,86.15,71.15,64.43,90.06,77.24,88.07,85.58,82.4,78.33,58.48,32.05,69.1
9/30/22,98.98,103.14,97.52,92.08,87.11,74.02,72.08,91.9,97.43,102.28,96.63,91.13,86.18,71.2,64.62,90.08,77.53,88.34,85.81,82.66,78.61,58.78,32.67,69.41
10/1/22,98.98,103.14,97.52,92.08,87.12,74.03,72.14,91.9,97.44,102.29,96.64,91.14,86.19,71.21,64.73,90.09,77.85,88.56,85.98,82.81,78.75,58.9,33.04,69.61
10/2/22,98.99,103.14,97.52,92.08,87.12,74.03,72.21,91.91,97.46,102.3,96.65,91.15,86.2,71.22,64.87,90.1,78.04,88.7,86.1,82.91,78.85,58.97,33.48,69.82
10/3/22,99.0,103.15,97.53,92.09,87.13,74.05,72.24,91.91,97.47,102.31,96.66,91.17,86.24,71.27,64.91,90.11,78.27,88.89,86.29,83.16,79.15,59.25,33.7,69.93
10/4/22,99.0,103.15,97.53,92.1,87.13,74.05,72.26,91.92,97.48,102.32,96.66,91.18,86.24,71.27,64.97,90.12,78.37,88.96,86.35,83.21,79.21,59.33,33.87,70.07
10/5/22,99.01,103.15,97.53,92.1,87.14,74.06,72.28,91.92,97.49,102.32,96.68,91.19,86.27,71.31,65.02,90.13,78.5,89.06,86.46,83.35,79.42,59.55,34.05,70.17
10/6/22,99.01,103.16,97.53,92.11,87.16,74.08,72.33,91.93,97.5,102.33,96.68,91.21,86.3,71.35,65.12,90.14,78.61,89.14,86.55,83.47,79.6,59.83,34.34,70.28
10/7/22,99.02,103.16,97.54,92.11,87.17,74.1,72.38,91.93,97.52,102.34,96.7,91.23,86.32,71.4,65.25,90.16,78.73,89.24,86.64,83.59,79.77,60.05,34.78,70.4
10/8/22,99.02,103.16,97.54,92.12,87.17,74.11,72.4,91.94,97.53,102.35,96.71,91.24,86.34,71.42,65.31,90.17,78.84,89.34,86.72,83.68,79.89,60.19,34.95,70.47
10/9/22,99.03,103.16,97.54,92.12,87.17,74.11,72.42,91.94,97.54,102.35,96.71,91.24,86.34,71.43,65.35,90.17,78.9,89.38,86.76,83.71,79.94,60.24,35.09,70.55
10/10/22,99.03,103.17,97.55,92.13,87.18,74.13,72.43,91.95,97.55,102.36,96.72,91.25,86.36,71.46,65.39,90.18,78.98,89.45,86.83,83.82,80.08,60.42,35.22,70.62
10/11/22,99.04,103.17,97.55,92.13,87.19,74.14,72.45,91.95,97.56,102.37,96.73,91.27,86.39,71.49,65.42,90.19,79.05,89.51,86.89,83.91,80.21,60.6,35.33,70.68
10/12/22,99.04,103.17,97.55,92.14,87.2,74.16,72.46,91.95,97.56,102.37,96.73,91.28,86.4,71.52,65.46,90.2,79.11,89.56,86.95,83.98,80.32,60.76,35.44,70.74
10/13/22,99.05,103.18,97.55,92.14,87.21,74.18,72.49,91.96,97.57,102.38,96.74,91.29,86.42,71.55,65.54,90.21,79.18,89.61,87.01,84.06,80.44,60.94,35.64,70.81
10/14/22,99.05,103.18,97.56,92.15,87.22,74.19,72.52,91.96,97.58,102.38,96.75,91.3,86.44,71.58,65.65,90.22,79.26,89.68,87.07,84.13,80.56,61.09,35.91,70.89
10/15/22,99.05,103.18,97.56,92.15,87.22,74.2,72.54,91.96,97.59,102.39,96.75,91.32,86.46,71.6,65.7,90.23,79.34,89.74,87.12,84.19,80.64,61.22,36.02,70.94
